no,description,searchDescription,description2,faClassCode,faSubclassCode,globalDimension1Code,globalDimension2Code,locationCode,faLocationCode,vendorNo,mainAssetComponent,componentOfMainAsset,warrantyDate,serialNo,lastDateModified,blocked,maintenanceVendorNo,underMaintenance,nextServiceDate,inactive,noSeries,faPostingGroup
FA000001,"9 5/8"" M7 MOTOR ASSEMBLY ","9 5/8"" M7 MOTOR ASSEMBLY",,01 TANG,MUD MOTOR,OFS,,,,V0043, ,,0001-01-01,M7-962-0011,2025-11-05,False,,False,0001-01-01,False,,DRILL.FISH
FA000002,"9 5/8"" M7 MOTOR ASSEMBLY","9 5/8"" M7 MOTOR ASSEMBLY",,01 TANG,MUD MOTOR,OFS,,,,V0043, ,,0001-01-01,M7-962-0021,2025-11-05,False,,False,0001-01-01,False,,DRILL.FISH
FA000003,"6 3/4"" MUD LUBE MOTOR ASSEMBY WITH 6 1/2"" WK3","6 3/4"" MUD LUBE MOTOR ASSEMBY WITH 6 1/2"" WK3",,01 TANG,MUD MOTOR,OFS,,,,V0043, ,,0001-01-01,M7-675-0026 ,2025-11-05,False,,False,0001-01-01,False,,DRILL.FISH
FA000004,"6 3/4"" MUD LUBE MOTOR ASSEMBY WITH 6 1/2"" WK3","6 3/4"" MUD LUBE MOTOR ASSEMBY WITH 6 1/2"" WK3",,01 TANG,MUD MOTOR,OFS,,,,V0043, ,,0001-01-01,M7-675-0028,2025-11-05,False,,False,0001-01-01,False,,DRILL.FISH
FA000005,"8"" DRILLING MOTOR ","8"" DRILLING MOTOR",,01 TANG,MUD MOTOR,OFS,,,,V0043, ,,0001-01-01,BDA 25674,2025-11-05,False,,False,0001-01-01,False,,DRILL.FISH
FA000006,"8"" DRILLING MOTOR","8"" DRILLING MOTOR",,01 TANG,MUD MOTOR,OFS,,,,V0043, ,,0001-01-01,BDA 25675,2025-11-05,False,,False,0001-01-01,False,,DRILL.FISH
FA000007,"12 1/8"" SPIRAL SCREW STABILIZER","12 1/8"" SPIRAL SCREW STABILIZER",,01 TANG,MUD MOTOR,OFS,,,,V0043, ,,0001-01-01,WZL-160-05,2025-11-05,False,,False,0001-01-01,False,,DRILL.FISH
FA000008,S675785.0-STD-NBR HPW--STATOR,S675785.0-STD-NBR HPW--STATOR,,01 TANG,MUD MOTOR,OFS,,,,V00050, ,,0001-01-01,4-C41235-2,2026-06-02,False,,False,0001-01-01,False,,DRILL.FISH
FA000009,S675785.0-STD-NBR HPW--STATOR,S675785.0-STD-NBR HPW--STATOR,,01 TANG,MUD MOTOR,OFS,,,,V00050, ,,0001-01-01,4-C41235-1,2026-06-02,False,,False,0001-01-01,False,,DRILL.FISH
FA000010,R675785.0-SLD-2.875 REG:WC-4.00 ROTOR,R675785.0-SLD-2.875 REG:WC-4.00 ROTOR,,01 TANG,MUD MOTOR,OFS,,,,V00050, ,,0001-01-01,C21558-10,2026-05-31,False,,False,0001-01-01,False,,DRILL.FISH
FA000011,R675785.0-SLD-2.875 REG:WC-4.00 ROTOR,R675785.0-SLD-2.875 REG:WC-4.00 ROTOR,,01 TANG,MUD MOTOR,OFS,,,,V00050, ,,0001-01-01,C21558-4,2026-05-31,False,,False,0001-01-01,False,,DRILL.FISH
FA000012,S800784.0-STD-NBR HPW STATOR,S800784.0-STD-NBR HPW STATOR,,01 TANG,MUD MOTOR,OFS,,,,V00050, ,,0001-01-01,4-C41235-4,2026-05-26,False,,False,0001-01-01,False,,DRILL.FISH
FA000013,S800784.0-STD-NBR HPW STATOR,S800784.0-STD-NBR HPW STATOR,,01 TANG,MUD MOTOR,OFS,,,,V00050, ,,0001-01-01,4-C41235-5,2026-05-26,False,,False,0001-01-01,False,,DRILL.FISH
FA000014,R800784.0-1.25-2.125 SA:WC ROTOR,R800784.0-1.25-2.125 SA:WC ROTOR,,01 TANG,MUD MOTOR,OFS,,,,V00050, ,,0001-01-01,4-B00672,2026-02-18,False,,False,0001-01-01,False,,DRILL.FISH
FA000015,R800784.0-1.25-2.125 SA:WC ROTOR,R800784.0-1.25-2.125 SA:WC ROTOR,,01 TANG,MUD MOTOR,OFS,,,,V00050, ,,0001-01-01,4-B00673,2026-02-18,False,,False,0001-01-01,False,,DRILL.FISH
FA000016,"9 5/8"""" M7 Mud Lube Lower End with S22 Adjustable, WK3 Driveline assembly and rotor retainer top","9 5/8"""" M7 MUD LUBE LOWER END WITH S22 ADJUSTABLE, WK3 DRIVELINE ASSEMBLY AND ROTOR RETAINER TOP","sub assembly (7 5/8"" REG top and bottom connection",01 TANG,MUD MOTOR,OFS,,,,V0043, ,,0001-01-01,M7-962-0010,2025-11-05,False,,False,0001-01-01,False,,DRILL.FISH
FA000017,"6 3/4"" M7 Mud Lube Lower End with S22 Adjustable, WK3 Driveline assembly and rotor retainer top","6 3/4"" M7 MUD LUBE LOWER END WITH S22 ADJUSTABLE, WK3 DRIVELINE ASSEMBLY AND ROTOR RETAINER TOP","sub assembly 4 1/2"" IF top and 4 1/2"" REG bott con",01 TANG,MUD MOTOR,OFS,,,,V0043, ,,0001-01-01,M7-675-0031,2025-11-05,False,,False,0001-01-01,False,,DRILL.FISH
FA000018,S675785.0-1OS ( 51059) STATOR ,STATOR 675785.0-1OS ( 51059),,01 TANG,MUD MOTOR,OFS,,,,V00050, ,,0001-01-01,,2026-05-31,False,,False,0001-01-01,False,,DRILL.FISH
FA000019,BEARING ASSEMBLY NUT,BEARING ASSEMBLY NUT,,01 TANG,MUD MOTOR,OFS,,,,V0043, ,,0001-01-01,LDC-405-9009,2025-11-05,False,,False,0001-01-01,False,,DRILL.FISH
FA000020,"8 3/8""  STRAIGHT SCREW ON STABILIZER SLEEVES ","8 3/8""  STRAIGHT SCREW ON STABILIZER SLEEVES",,01 TANG,MUD MOTOR,OFS,,,,V0043, ,,0001-01-01,WZL-0231-005,2025-11-05,False,,False,0001-01-01,False,,DRILL.FISH
FA000021,"4.75"" M7+ Mud Lube Lower End with S22 Adjustable, ST1 Driveline assembly and rotor retainer top","4.75"" M7+ MUD LUBE LOWER END WITH S22 ADJUSTABLE, ST1 DRIVELINE ASSEMBLY AND ROTOR RETAINER TOP","sub assembly 3 1/2"" IF top and 3 1/2"" REG bott con",01 TANG,MUD MOTOR,OFS,,,,V0043, ,,0001-01-01,M47-M7-0001,2025-11-05,False,,False,0001-01-01,False,,DRILL.FISH
FA000022,"4.75"" M7+ Mud Lube Lower End with S22 Adjustable, ST1 Driveline assembly and rotor retainer top","4.75"" M7+ MUD LUBE LOWER END WITH S22 ADJUSTABLE, ST1 DRIVELINE ASSEMBLY AND ROTOR RETAINER TOP","sub assembly 3 1/2"" IF top and 3 1/2"" REG bott con",01 TANG,MUD MOTOR,OFS,,,,V0043, ,,0001-01-01,M47-M7-0002,2025-11-05,False,,False,0001-01-01,False,,DRILL.FISH
FA000023,R675785.0-SLD-1.375-6 SA:WC ROTOR,R675785.0-SLD-1.375-6 SA:WC ROTOR,,01 TANG,MUD MOTOR,OFS,,,,V00050, ,,0001-01-01,4-B01646,2026-05-26,False,,False,0001-01-01,False,,DRILL.FISH
FA000024,"8.00"" M40 Mud Lube Lower End with S22 Adjustable, WK5 HF Driveline assembly and rotor retainer top","8.00"" M40 MUD LUBE LOWER END WITH S22 ADJUSTABLE, WK5 HF DRIVELINE ASSEMBLY AND ROTOR RETAINER TOP","sub assembly (6 5/8"" REG top and bottom connection",01 TANG,MUD MOTOR,OFS,,,,V0043, ,,0001-01-01,M40-0800-0029 ,2026-06-12,False,,False,0001-01-01,False,,DRILL.FISH
FA000025,"8.00"" M40 Mud Lube Lower End with S22 Adjustable, WK5 HF Driveline assembly and rotor retainer top","8.00"" M40 MUD LUBE LOWER END WITH S22 ADJUSTABLE, WK5 HF DRIVELINE ASSEMBLY AND ROTOR RETAINER TOP","sub assembly (6 5/8"" REG top and bottom connection",01 TANG,MUD MOTOR,OFS,,,,V0043, ,,0001-01-01,M40-0800-0032,2026-06-12,False,,False,0001-01-01,False,,DRILL.FISH
FA000026,"8.375"" OD Straight Blade Sleeve Stabilizer for 6.75"" Drilling Motor","8.375"" OD STRAIGHT BLADE SLEEVE STABILIZER FOR 6.75"" DRILLING MOTOR",,01 TANG,MUD MOTOR,OFS,,,,V0043, ,,0001-01-01,WZL-0196-001,2026-02-22,False,,False,0001-01-01,False,,DRILL.FISH
FA000027,"15.75"" OD Spiral Blade Sleeve Stabilizer for 9.62"" Drilling Motor","15.75"" OD SPIRAL BLADE SLEEVE STABILIZER FOR 9.62"" DRILLING MOTOR",,01 TANG,MUD MOTOR,OFS,,,,V0043, ,,0001-01-01,WZL-0231-001,2025-11-05,False,,False,0001-01-01,False,,DRILL.FISH
FA000028,"12.125"" OD Straight Blade Sleeve Stabilizer for 8.00"" Drilling Motor","12.125"" OD STRAIGHT BLADE SLEEVE STABILIZER FOR 8.00"" DRILLING MOTOR",,01 TANG,MUD MOTOR,OFS,,,,V0043, ,,0001-01-01,WZL-0231-002,2025-11-05,False,,False,0001-01-01,False,,DRILL.FISH
FA000029,"12.125"" OD Straight Blade Sleeve Stabilizer for 8.00"" Drilling Motor","12.125"" OD STRAIGHT BLADE SLEEVE STABILIZER FOR 8.00"" DRILLING MOTOR",,01 TANG,MUD MOTOR,OFS,,,,V0043, ,,0001-01-01,WZL-0231-003,2025-11-05,False,,False,0001-01-01,False,,DRILL.FISH
FA000030,"5.875"" OD Straight Blade Sleeve Stabilizer for 4.75"" Drilling Motor","5.875"" OD STRAIGHT BLADE SLEEVE STABILIZER FOR 4.75"" DRILLING MOTOR",,01 TANG,MUD MOTOR,OFS,,,,V0043, ,,0001-01-01,WZL-0231-007,2026-02-22,False,,False,0001-01-01,False,,DRILL.FISH
FA000031,"6.75"" M7 Mud Lube Lower End with S22 Adjustable, WK3 Driveline assembly and rotor retainer top","6.75"" M7 MUD LUBE LOWER END WITH S22 ADJUSTABLE, WK3 DRIVELINE ASSEMBLY AND ROTOR RETAINER TOP","sub assembly 4 1/2"" IF top and 4 1/2"" REG bott con",01 TANG,MUD MOTOR,OFS,,,,V0043, ,,0001-01-01,M7-675-0032,2025-12-08,False,,False,0001-01-01,False,,DRILL.FISH
FA000032,"4 3/4"" HYDRA-MECH DOUBLE ACTING JAR, Standard Seals, 3 1/2 IF BB/SRG Connections","4 3/4"" HYDRA-MECH DOUBLE ACTING JAR, STANDARD SEALS, 3 1/2 IF BB/SRG CONNECTIONS",,01 TANG,JARS,OFS,,,,V0043, ,,0001-01-01,HMDA47-0079,2025-11-05,False,,False,0001-01-01,False,,DRILL.FISH
FA000033,"4 3/4"" HYDRA-MECH DOUBLE ACTING JAR, Standard Seals, 3 1/2 IF BB/SRG Connections","4 3/4"" HYDRA-MECH DOUBLE ACTING JAR, STANDARD SEALS, 3 1/2 IF BB/SRG CONNECTIONS",,01 TANG,JARS,OFS,,,,V0043, ,,0001-01-01,HMDA47-0080,2025-11-05,False,,False,0001-01-01,False,,DRILL.FISH
FA000034,"6 1/2” HYDRA-MECH DOUBLE ACTING JAR, Standard Seals, 4 1/2 IF BB/SRG Connections","6 1/2” HYDRA-MECH DOUBLE ACTING JAR, STANDARD SEALS, 4 1/2 IF BB/SRG CONNECTIONS",,01 TANG,JARS,OFS,,,,V0043, ,,0001-01-01,HMDA650-0034,2026-02-04,False,,False,0001-01-01,False,,DRILL.FISH
FA000035,"6 1/2” HYDRA-MECH DOUBLE ACTING JAR, Standard Seals, 4 1/2 IF BB/SRG Connections","6 1/2” HYDRA-MECH DOUBLE ACTING JAR, STANDARD SEALS, 4 1/2 IF BB/SRG CONNECTIONS",,01 TANG,JARS,OFS,,,,V0043, ,,0001-01-01,HMDA650-0035,2026-02-04,False,,False,0001-01-01,False,,DRILL.FISH
FA000036,"8"" HYDRA-MECH JAR DOUBLE ACTING, STANDRAD SEALS, 6 5/8 REG BB/SRG Connections","8"" HYDRA-MECH JAR DOUBLE ACTING, STANDRAD SEALS, 6 5/8 REG BB/SRG CONNECTIONS",,01 TANG,JARS,OFS,,,,V0043, ,,0001-01-01,HMDA800-0035,2026-02-04,False,,False,0001-01-01,False,,DRILL.FISH
FA000037,"8"" HYDRA-MECH JAR DOUBLE ACTING, STANDRAD SEALS, 6 5/8 REG BB/SRG Connections","8"" HYDRA-MECH JAR DOUBLE ACTING, STANDRAD SEALS, 6 5/8 REG BB/SRG CONNECTIONS",,01 TANG,JARS,OFS,,,,V0043, ,,0001-01-01,HMDA800-0036,2026-02-04,False,,False,0001-01-01,False,,DRILL.FISH
FA000038,S675785.0-1OS-NBR HPW STATOR (51059),S675785.0-1OS-NBR HPW STATOR (51059),,01 TANG,MUD MOTOR,OFS,,,,V00050, ,,0001-01-01,4-C41619-1,2026-06-02,False,,False,0001-01-01,False,,DRILL.FISH
FA000039,S675785.0-1OS-NBR HPW STATOR (51277),S675785.0-1OS-NBR HPW STATOR (51277),,01 TANG,MUD MOTOR,OFS,,,,V00050, ,,0001-01-01,4-C41619-2,2026-06-02,False,,False,0001-01-01,False,,DRILL.FISH
FA000040,R675785.0-SLD-1.375-6 SA:WC ROTOR,R675785.0-SLD-1.375-6 SA:WC ROTOR,,01 TANG,MUD MOTOR,OFS,,,,V00050, ,,0001-01-01,4-B01647,2026-05-31,False,,False,0001-01-01,False,,DRILL.FISH
FA000041,R962785.7-SLD-2.125 SA:WC ROTOR,R962785.7-SLD-2.125 SA:WC ROTOR,,01 TANG,MUD MOTOR,OFS,,,,V00050, ,,0001-01-01,4-B01645,2026-05-31,False,,False,0001-01-01,False,,DRILL.FISH
FA000042,S800784.0-STD-NBR HPW STATOR (W3863),S800784.0-STD-NBR HPW STATOR (W3863),,01 TANG,MUD MOTOR,OFS,,,,V00050, ,,0001-01-01,4-C41619-4,2026-06-02,False,,False,0001-01-01,False,,DRILL.FISH
FA000043,R800784.0-SLD-2.125-6 SA:WC-ROTOR,R800784.0-SLD-2.125-6 SA:WC-ROTOR,,01 TANG,MUD MOTOR,OFS,,,,V00050, ,,0001-01-01,4-B01667,2026-02-18,False,,False,0001-01-01,False,,DRILL.FISH
FA000044,S475783.8-1.5OS-NBR HPW STATOR (A120968),S475783.8-1.5OS-NBR HPW STATOR (A120968),,01 TANG,MUD MOTOR,OFS,,,,V00050, ,,0001-01-01,4-C41619-6,2026-06-02,False,,False,0001-01-01,False,,DRILL.FISH
FA000045,S475783.8-1.5OS-NBR HPW STATOR (A120968),S475783.8-1.5OS-NBR HPW STATOR (A120968),,01 TANG,MUD MOTOR,OFS,,,,V00050, ,,0001-01-01,4-C41619-7,2026-06-02,False,,False,0001-01-01,False,,DRILL.FISH
FA000046,R475783.8-SLD-1.375-6SA:WC-3.13HD ROTOR,R475783.8-SLD-1.375-6SA:WC-3.13HD ROTOR,,01 TANG,MUD MOTOR,OFS,,,,V00050, ,,0001-01-01,4-B01664,2026-02-18,False,,False,0001-01-01,False,,DRILL.FISH
FA000047,R475783.8-SLD-1.375-6SA:WC-3.13HD ROTOR,R475783.8-SLD-1.375-6SA:WC-3.13HD ROTOR,,01 TANG,MUD MOTOR,OFS,,,,V00050, ,,0001-01-01,4-B01665,2026-02-18,False,,False,0001-01-01,False,,DRILL.FISH
FA000048,"Pulser Assy, Fix 4,125in Valve (Std Flow) 20Kpsi, 4 Blades, MC, FJn Centralizer","PULSER ASSY, FIX 4,125IN VALVE (STD FLOW) 20KPSI, 4 BLADES, MC, FJN CENTRALIZER",,01 TANG,MWD/LWD,OFS,,,,V0049, ,,0001-01-01,SN 2447,2026-03-29,False,,False,0001-01-01,False,,DRILL.FISH
FA000049,"Pulser Assy, Fix 4,125in Valve (Std Flow) 20Kpsi, 4 Blades, MC, FJn Centralizer","PULSER ASSY, FIX 4,125IN VALVE (STD FLOW) 20KPSI, 4 BLADES, MC, FJN CENTRALIZER",,01 TANG,MWD/LWD,OFS,,,,V0049, ,,0001-01-01,SN 2791,2026-03-29,False,,False,0001-01-01,False,,DRILL.FISH
FA000050,"Pulser Assy, Fix 5,25in Valve (Std Flow) 1500C, 20Kpsi, 4 Blades, G4.2,Flow MC, Fm Centralizer;","PULSER ASSY, FIX 5,25IN VALVE (STD FLOW) 1500C, 20KPSI, 4 BLADES, G4.2,FLOW MC, FM CENTRALIZER;","SN 2766, 2546",01 TANG,MWD/LWD,OFS,,,,V0049, ,,0001-01-01,SN 2766,2026-03-29,False,,False,0001-01-01,False,,DRILL.FISH
FA000051,"Pulser Assy, Fix 5,25in Valve (Std Flow) 1500C, 20Kpsi, 4 Blades, G4.2,Flow MC, Fm Centralizer;","PULSER ASSY, FIX 5,25IN VALVE (STD FLOW) 1500C, 20KPSI, 4 BLADES, G4.2,FLOW MC, FM CENTRALIZER;","SN 2766, 2546",01 TANG,MWD/LWD,OFS,,,,V0049, ,,0001-01-01,SN 2546,2026-03-29,False,,False,0001-01-01,False,,DRILL.FISH
FA000052,BATTERY MODULE ASSY (NO BATTERY INSTALLED)-NITRONIC 50,BATTERY MODULE ASSY (NO BATTERY INSTALLED)-NITRONIC 50,,01 TANG,MWD/LWD,OFS,,,,V0049, ,,0001-01-01,SN 4155,2026-03-29,False,,False,0001-01-01,False,,DRILL.FISH
FA000053,BATTERY MODULE ASSY (NO BATTERY INSTALLED)-NITRONIC 50,BATTERY MODULE ASSY (NO BATTERY INSTALLED)-NITRONIC 50,,01 TANG,MWD/LWD,OFS,,,,V0049, ,,0001-01-01,SN 4297,2026-03-29,False,,False,0001-01-01,False,,DRILL.FISH
FA000054,BATTERY MODULE ASSY (NO BATTERY INSTALLED)-NITRONIC 50,BATTERY MODULE ASSY (NO BATTERY INSTALLED)-NITRONIC 50,,01 TANG,MWD/LWD,OFS,,,,V0049, ,,0001-01-01,SN 2631,2026-03-29,False,,False,0001-01-01,False,,DRILL.FISH
FA000055,BATTERY MODULE ASSY (NO BATTERY INSTALLED)-NITRONIC 50,BATTERY MODULE ASSY (NO BATTERY INSTALLED)-NITRONIC 50,,01 TANG,MWD/LWD,OFS,,,,V0049, ,,0001-01-01,SN 4317,2026-03-29,False,,False,0001-01-01,False,,DRILL.FISH
FA000056,BATTERY MODULE ASSY (NO BATTERY INSTALLED)-NITRONIC 50,BATTERY MODULE ASSY (NO BATTERY INSTALLED)-NITRONIC 50,,01 TANG,MWD/LWD,OFS,,,,V0049, ,,0001-01-01,SN 4335,2026-03-29,False,,False,0001-01-01,False,,DRILL.FISH
FA000057,BATTERY MODULE ASSY (NO BATTERY INSTALLED)-NITRONIC 50,BATTERY MODULE ASSY (NO BATTERY INSTALLED)-NITRONIC 50,,01 TANG,MWD/LWD,OFS,,,,V0049, ,,0001-01-01,SN 4343,2026-03-29,False,,False,0001-01-01,False,,DRILL.FISH
FA000058,"SENSOR ASSY. DIRECTIONAL, RINC AND VMM ENBALED, FIN CENTRALIZER READY, 1500C, 20KPS1","SENSOR ASSY. DIRECTIONAL, RINC AND VMM ENBALED, FIN CENTRALIZER READY, 1500C, 20KPS1","818, 1798",01 TANG,MWD/LWD,OFS,,,,V0049, ,,0001-01-01,SN 640,2026-03-29,False,,False,0001-01-01,False,,DRILL.FISH
FA000059,"SENSOR ASSY. DIRECTIONAL, RINC AND VMM ENBALED, FIN CENTRALIZER READY, 1500C, 20KPS1","SENSOR ASSY. DIRECTIONAL, RINC AND VMM ENBALED, FIN CENTRALIZER READY, 1500C, 20KPS1","818, 1798",01 TANG,MWD/LWD,OFS,,,,V0049, ,,0001-01-01,SN 1818,2026-03-29,False,,False,0001-01-01,False,,DRILL.FISH
FA000060,"SENSOR ASSY. DIRECTIONAL, RINC AND VMM ENBALED, FIN CENTRALIZER READY, 1500C, 20KPS1","SENSOR ASSY. DIRECTIONAL, RINC AND VMM ENBALED, FIN CENTRALIZER READY, 1500C, 20KPS1","818, 1798",01 TANG,MWD/LWD,OFS,,,,V0049, ,,0001-01-01,SN 1798,2026-03-29,False,,False,0001-01-01,False,,DRILL.FISH
FA000061,"GAMMA MODULE ASSY, 6 WIRE- FIN CTRLZR READY, 1500C, 20KPSl","GAMMA MODULE ASSY, 6 WIRE- FIN CTRLZR READY, 1500C, 20KPSL",,01 TANG,MWD/LWD,OFS,,,,V0049, ,,0001-01-01,SN 1049,2026-03-29,False,,False,0001-01-01,False,,DRILL.FISH
FA000062,"GAMMA MODULE ASSY, 6 WIRE- FIN CTRLZR READY, 1500C, 20KPSl","GAMMA MODULE ASSY, 6 WIRE- FIN CTRLZR READY, 1500C, 20KPSL",,01 TANG,MWD/LWD,OFS,,,,V0049, ,,0001-01-01,SN 370,2026-03-29,False,,False,0001-01-01,False,,DRILL.FISH
FA000063,"GAMMA MODULE ASSY, 6 WIRE- FIN CTRLZR READY, 1500C, 20KPSl","GAMMA MODULE ASSY, 6 WIRE- FIN CTRLZR READY, 1500C, 20KPSL",,01 TANG,MWD/LWD,OFS,,,,V0049, ,,0001-01-01,SN 1150,2026-03-29,False,,False,0001-01-01,False,,DRILL.FISH
FA000064,"SURE-SHOT LITE, SIU2, WITH DTS, 1.0-1.5"" DRILL LINE","SURE-SHOT LITE, SIU2, WITH DTS, 1.0-1.5"" DRILL LINE",,01 TANG,MWD/LWD,OFS,,,,V0049, ,,0001-01-01,SN 1082,2026-03-29,False,,False,0001-01-01,False,,DRILL.FISH
FA000065,"SURE-SHOT LITE, SIU2, WITH DTS, 1.0-1.5"" DRILL LINE","SURE-SHOT LITE, SIU2, WITH DTS, 1.0-1.5"" DRILL LINE",,01 TANG,MWD/LWD,OFS,,,,V0049, ,,0001-01-01,SN 1219,2026-03-29,False,,False,0001-01-01,False,,DRILL.FISH
FA000066,"SURE-SHOT LITE, SIU2, WITH DTS, 1.0-1.5"" DRILL LINE","SURE-SHOT LITE, SIU2, WITH DTS, 1.0-1.5"" DRILL LINE",,01 TANG,MWD/LWD,OFS,,,,V0049, ,,0001-01-01,SN 1220,2026-03-29,False,,False,0001-01-01,False,,DRILL.FISH
FA000067,"KIT, LAVERSAB RFD - WIRELESS","KIT, LAVERSAB RFD - WIRELESS",,01 TANG,MWD/LWD,OFS,,,,V0049, ,,0001-01-01,SN 36,2026-03-29,False,,False,0001-01-01,False,,DRILL.FISH
FA000068,"KIT, LAVERSAB RFD - WIRELESS","KIT, LAVERSAB RFD - WIRELESS;",,01 TANG,MWD/LWD,OFS,,,,V0049, ,,0001-01-01,SN 185,2026-03-29,False,,False,0001-01-01,False,,DRILL.FISH
FA000069,"KIT, LAVERSAB RFD - WIRELESS","KIT, LAVERSAB RFD - WIRELESS;",,01 TANG,MWD/LWD,OFS,,,,V0049, ,,0001-01-01,SN 187,2026-03-29,False,,False,0001-01-01,False,,DRILL.FISH
FA000070,"CONTAINER, TRANSPORT, MWD STRING, 10 FT","CONTAINER, TRANSPORT, MWD STRING, 10 FT",,01 TANG,MWD/LWD,OFS,,,,V0049, ,,0001-01-01,,2026-03-29,False,,False,0001-01-01,False,,DRILL.FISH
FA000071,"KIT,BASIC TOOLS & SUPPLIES (LEVEL l )","KIT,BASIC TOOLS & SUPPLIES (LEVEL L )",,01 TANG,MWD/LWD,OFS,,,,V0049, ,,0001-01-01,,2026-03-29,False,,False,0001-01-01,False,,DRILL.FISH
FA000072,"KIT,BASIC TOOLS & SUPPLIES (LEVEL l )","KIT,BASIC TOOLS & SUPPLIES (LEVEL L )",,01 TANG,MWD/LWD,OFS,,,,V0049, ,,0001-01-01,,2026-03-29,False,,False,0001-01-01,False,,DRILL.FISH
FA000073,"FIXED MOUNT MWD RIG TOOLING KIT (ALL MWD SIZES EXCEPT 2.50"")","FIXED MOUNT MWD RIG TOOLING KIT (ALL MWD SIZES EXCEPT 2.50"")",,01 TANG,MWD/LWD,OFS,,,,V0049, ,,0001-01-01,,2026-03-29,False,,False,0001-01-01,False,,DRILL.FISH
FA000074,"FIXED MOUNT MWD RIG TOOLING KIT (ALL MWD SIZES EXCEPT 2.50"")","FIXED MOUNT MWD RIG TOOLING KIT (ALL MWD SIZES EXCEPT 2.50"")",,01 TANG,MWD/LWD,OFS,,,,V0049, ,,0001-01-01,,2026-03-29,False,,False,0001-01-01,False,,DRILL.FISH
FA000075,"SUB, FLOW, 4.75 01), .344 FIXED MT, NC38 B/P, 42 00in LG SST/SPEC 10020; SN 43324 03","SUB, FLOW, 4.75 01), .344 FIXED MT, NC38 B/P, 42 00IN LG SST/SPEC 10020; SN 43324 03",,01 TANG,MWD/LWD,OFS,,,,V0049, ,,0001-01-01,374934-02,2026-03-29,False,,False,0001-01-01,False,,DRILL.FISH
FA000076,"SUB, FLOW, 6.75 OD-SST/SPEC-10020 (P530 OR EQUIV)","SUB, FLOW, 6.75 OD-SST/SPEC-10020 (P530 OR EQUIV)",,01 TANG,MWD/LWD,OFS,,,,V0049, ,,0001-01-01,380858-1,2026-03-29,False,,False,0001-01-01,False,,DRILL.FISH
FA000077,"SUB, FLOW, 6.75 OD-SST/SPEC-10020 (P530 OR EQUIV)","SUB, FLOW, 6.75 OD-SST/SPEC-10020 (P530 OR EQUIV)",,01 TANG,MWD/LWD,OFS,,,,V0049, ,,0001-01-01,380858-2,2026-03-29,False,,False,0001-01-01,False,,DRILL.FISH
FA000078,"SUB, FLOW, 8.00 OD, 3 50 ID, 42 LG, 6-5/8 REG B/P - SST/APS SPEC-10020 (P530 OREQUIV)","SUB, FLOW, 8.00 OD, 3 50 ID, 42 LG, 6-5/8 REG B/P - SST/APS SPEC-10020 (P530 OREQUIV)","90-3, 375190-4",01 TANG,MWD/LWD,OFS,,,,V0049, ,,0001-01-01,375190-3,2026-03-29,False,,False,0001-01-01,False,,DRILL.FISH
FA000079,"SUB, FLOW, 8.00 OD, 3 50 ID, 42 LG, 6-5/8 REG B/P - SST/APS SPEC-10020 (P530 OREQUIV)","SUB, FLOW, 8.00 OD, 3 50 ID, 42 LG, 6-5/8 REG B/P - SST/APS SPEC-10020 (P530 OREQUIV)","90-3, 375190-4",01 TANG,MWD/LWD,OFS,,,,V0049, ,,0001-01-01,375190-4,2026-03-29,False,,False,0001-01-01,False,,DRILL.FISH
FA000080,"4.3/4"" OD x 2.11/16"" ID x 31 Feet Long NMDC 3.1/2"" IF (3/4""SRG) PIN X 3.1/2"" IF (BB) BOX C/W SHOT","4.3/4"" OD X 2.11/16"" ID X 31 FEET LONG NMDC 3.1/2"" IF (3/4""SRG) PIN X 3.1/2"" IF (BB) BOX C/W SHOT",PEENING&BENCH MARK STAMP AS PER DS-1 SPEC Mat:P530,01 TANG,NMDC,OFS,,,,V00570, ,,0001-01-01,SBM P0965,2025-07-29,False,,False,0001-01-01,False,,DRILL.FISH
FA000081,"8"" OD ×3.1/2""ID x31 Feet Long NMDC 6.5/8"" REG (3/4"" SRG) PIN X6.5/8"" REG (BB) BOX C/W SHOT PEENING","8"" OD ×3.1/2""ID X31 FEET LONG NMDC 6.5/8"" REG (3/4"" SRG) PIN X6.5/8"" REG (BB) BOX C/W SHOT PEENING",& BENCH MARK STAMPING AS PER DS-1 SPEC. Mat: P530,01 TANG,NMDC,OFS,,,,V00570, ,,0001-01-01,SBM P2911,2025-07-29,False,,False,0001-01-01,False,,DRILL.FISH
FA000082,"8"" OD ×3.1/2""ID x31 Feet Long NMDC 6.5/8"" REG (3/4"" SRG) PIN X6.5/8"" REG (BB) BOX C/W SHOT PEENING","8"" OD ×3.1/2""ID X31 FEET LONG NMDC 6.5/8"" REG (3/4"" SRG) PIN X6.5/8"" REG (BB) BOX C/W SHOT PEENING",& BENCH MARK STAMPING AS PER DS-1 SPEC. Mat: P530,01 TANG,NMDC,OFS,,,,V00570, ,,0001-01-01,SBM P3551,2025-07-29,False,,False,0001-01-01,False,,DRILL.FISH
FA000083,"9.1/2"" OD x 4"" ID x 31 Feet Long NMDC Conns: 7.5/8"" REG (3/4"" SRG) PIN x7.5/8"" REG (BB) BOX C/W SHOT","9.1/2"" OD X 4"" ID X 31 FEET LONG NMDC CONNS: 7.5/8"" REG (3/4"" SRG) PIN X7.5/8"" REG (BB) BOX C/W SHOT",PEENING&BENCH MARK STAMP AS PER DS-1 SPEC Mat:P530,01 TANG,NMDC,OFS,,,,V00570, ,,0001-01-01,SBM P6213,2025-07-29,False,,False,0001-01-01,False,,DRILL.FISH
FA000084,"QUANTUM 1.25"" MEMORY PIEZO GAUGE P/T 150C 0-10,000 PSI","QUANTUM 1.25"" MEMORY PIEZO GAUGE P/T 150C 0-10,000 PSI",,01 TANG,WIRELINE,OFS,,,,V00580, ,,0001-01-01,S9050,2026-03-29,False,,False,0001-01-01,False,,DRILL.FISH
FA000085,"QUANTUM 1.25"" MEMORY PIEZO GAUGE P/T 150C 0-10,000 PSI","QUANTUM 1.25"" MEMORY PIEZO GAUGE P/T 150C 0-10,000 PSI",,01 TANG,WIRELINE,OFS,,,,V00580, ,,0001-01-01,S91501,2026-03-29,False,,False,0001-01-01,False,,DRILL.FISH
FA000086,"QUANTUM 1.25"" MEMORY PIEZO GAUGE P/T 150C 0-10,000 PSI","QUANTUM 1.25"" MEMORY PIEZO GAUGE P/T 150C 0-10,000 PSI",,01 TANG,WIRELINE,OFS,,,,V00580, ,,0001-01-01,S9220,2026-03-29,False,,False,0001-01-01,False,,DRILL.FISH
FA000087,"QUANTUM 1.25"" MEMORY PIEZO GAUGE P/T 150C 0-10,000 PSI","QUANTUM 1.25"" MEMORY PIEZO GAUGE P/T 150C 0-10,000 PSI",,01 TANG,WIRELINE,OFS,,,,V00580, ,,0001-01-01,S9225 ,2026-03-29,False,,False,0001-01-01,False,,DRILL.FISH
FA000088,QUANTUM GAUGE INTERFACE UROD/W CABLE,QUANTUM GAUGE INTERFACE UROD/W CABLE,,01 TANG,WIRELINE,OFS,,,,V00580, ,,0001-01-01,,2026-03-29,False,,False,0001-01-01,False,,DRILL.FISH
FA000089,QUANTUM GAUGE INTERFACE UROD/W CABLE,QUANTUM GAUGE INTERFACE UROD/W CABLE,,01 TANG,WIRELINE,OFS,,,,V00580, ,,0001-01-01,,2026-03-29,False,,False,0001-01-01,False,,DRILL.FISH
FA000090,"1.25"" QUARTZ GAUGE HANDLING TOOLS","1.25"" QUARTZ GAUGE HANDLING TOOLS",,01 TANG,WIRELINE,OFS,,,,V00580, ,,0001-01-01,,2026-03-29,False,,False,0001-01-01,False,,DRILL.FISH
FA000091,"1.25"" QUARTZ GAUGE HANDLING TOOLS","1.25"" QUARTZ GAUGE HANDLING TOOLS",,01 TANG,WIRELINE,OFS,,,,V00580, ,,0001-01-01,,2026-03-29,False,,False,0001-01-01,False,,DRILL.FISH
FA000092,STRAIN GAUGE CARRYING CASE,STRAIN GAUGE CARRYING CASE,,01 TANG,WIRELINE,OFS,,,,V00580, ,,0001-01-01,,2026-03-29,False,,False,0001-01-01,False,,DRILL.FISH
FA000093,STRAIN GAUGE CARRYING CASE,STRAIN GAUGE CARRYING CASE,,01 TANG,WIRELINE,OFS,,,,V00580, ,,0001-01-01,,2026-03-29,False,,False,0001-01-01,False,,DRILL.FISH
FA000094,ALUMINUM KIT BOX 8,ALUMINUM KIT BOX 8,,01 TANG,MWD/LWD,OFS,,,,V00560, ,,0001-01-01,LDC,2025-07-29,False,,False,0001-01-01,False,,DRILL.FISH
FA000095,DIRECTIONAL MODULE MT RC2,DIRECTIONAL MODULE MT RC2,,01 TANG,MWD/LWD,OFS,,,,V00560, ,,0001-01-01,D153,2026-03-29,False,,False,0001-01-01,False,,DRILL.FISH
FA000096,DIRECTIONAL MODULE MT RC2,DIRECTIONAL MODULE MT RC2,,01 TANG,MWD/LWD,OFS,,,,V00560, ,,0001-01-01,D154,2026-03-29,False,,False,0001-01-01,False,,DRILL.FISH
FA000097,"PULSER ,VERTEX RC2 FLOW THRU","PULSER ,VERTEX RC2 FLOW THRU",,01 TANG,MWD/LWD,OFS,,,,V00560, ,,0001-01-01,P874,2026-03-29,False,,False,0001-01-01,False,,DRILL.FISH
FA000098,"PULSER ,VERTEX RC2 FLOW THRU","PULSER ,VERTEX RC2 FLOW THRU",,01 TANG,MWD/LWD,OFS,,,,V00560, ,,0001-01-01,P875,2026-03-29,False,,False,0001-01-01,False,,DRILL.FISH
FA000099,BATTERY MODULE RC2,BATTERY MODULE RC2,,01 TANG,MWD/LWD,OFS,,,,V00560, ,,0001-01-01,B436,2026-03-29,False,,False,0001-01-01,False,,DRILL.FISH
FA000100,BATTERY MODULE RC2,BATTERY MODULE RC2,,01 TANG,MWD/LWD,OFS,,,,V00560, ,,0001-01-01,B437,2026-03-29,False,,False,0001-01-01,False,,DRILL.FISH
FA000101,BATTERY MODULE RC2,BATTERY MODULE RC2,,01 TANG,MWD/LWD,OFS,,,,V00560, ,,0001-01-01,BB438,2026-03-29,False,,False,0001-01-01,False,,DRILL.FISH
FA000102,BATTERY MODULE RC2,BATTERY MODULE RC2,,01 TANG,MWD/LWD,OFS,,,,V00560, ,,0001-01-01,B439,2026-03-29,False,,False,0001-01-01,False,,DRILL.FISH
FA000103,KIT WINC RFD,KIT WINC RFD,,01 TANG,MWD/LWD,OFS,,,,V00560, ,,0001-01-01,89223VTX2,2026-03-29,False,,False,0001-01-01,False,,DRILL.FISH
FA000104,KIT WINC RFD,KIT WINC RFD,,01 TANG,MWD/LWD,OFS,,,,V00560, ,,0001-01-01,89231VTX2,2026-03-29,False,,False,0001-01-01,False,,DRILL.FISH
FA000105,PRESSURE TRANSDUCER KIT,PRESSURE TRANSDUCER KIT,,01 TANG,MWD/LWD,OFS,,,,V00560, ,,0001-01-01,171496  171477,2026-03-29,False,,False,0001-01-01,False,,DRILL.FISH
FA000106,1OO FT TRANSDUCER CABLE,1OO FT TRANSDUCER CABLE,,01 TANG,MWD/LWD,OFS,,,,V00560, ,,0001-01-01,LDC-405-9010,2025-07-29,False,,False,0001-01-01,False,,DRILL.FISH
FA000107,PROGRAM & TEST KIT,PROGRAM & TEST KIT,,01 TANG,MWD/LWD,OFS,,,,V00560, ,,0001-01-01,"ITI0150,FSM260 ITI0193,1698",2026-03-29,False,,False,0001-01-01,False,,DRILL.FISH
FA000108,"9.5"" UBHO SUB","9.5"" UBHO SUB",,01 TANG,MWD/LWD,OFS,,,,V00560, ,,0001-01-01,LDC-405-9007,2026-03-29,False,,False,0001-01-01,False,,DRILL.FISH
FA000109,"9.5"" UBHO SUB","9.5"" UBHO SUB",,01 TANG,MWD/LWD,OFS,,,,V00560, ,,0001-01-01,LDC-405-9008,2026-03-29,False,,False,0001-01-01,False,,DRILL.FISH
FA000110,"8"" UBHO SUB","8"" UBHO SUB",,01 TANG,MWD/LWD,OFS,,,,V00560, ,,0001-01-01,LDC-405-8005,2026-03-29,False,,False,0001-01-01,False,,DRILL.FISH
FA000111,"8"" UBHO SUB","8"" UBHO SUB",,01 TANG,MWD/LWD,OFS,,,,V00560, ,,0001-01-01,LDC-405-8006,2026-03-29,False,,False,0001-01-01,False,,DRILL.FISH
FA000112,"6.75"" UBHO SUB","6.75"" UBHO SUB",,01 TANG,MWD/LWD,OFS,,,,V00560, ,,0001-01-01,LDC-405-6003,2026-03-29,False,,False,0001-01-01,False,,DRILL.FISH
FA000113,"6.75"" UBHO SUB","6.75"" UBHO SUB",,01 TANG,MWD/LWD,OFS,,,,V00560, ,,0001-01-01,LDC-405-6004,2026-03-29,False,,False,0001-01-01,False,,DRILL.FISH
FA000114,4.75''NONMAG UBHO SUB,4.75''NONMAG UBHO SUB,,01 TANG,MWD/LWD,OFS,,,,V00560, ,,0001-01-01,LDC-405-4001,2026-03-29,False,,False,0001-01-01,False,,DRILL.FISH
FA000115,4.75''NONMAG UBHO SUB,4.75''NONMAG UBHO SUB,,01 TANG,MWD/LWD,OFS,,,,V00560, ,,0001-01-01,LDC-405-4002,2026-03-29,False,,False,0001-01-01,False,,DRILL.FISH
FA000116,"NM Drill Collar 6 3/4""31 ft 4 1/2"" IF PIN - 4 1/2"" IF BOX  3 1/4"" ID  , 6 ¾ inch NMDC ","NM DRILL COLLAR 6 3/4""31 FT 4 1/2"" IF PIN - 4 1/2"" IF BOX  3 1/4"" ID  , 6 ¾ INCH NMDC",,01 TANG,NMDC,OFS,,,,V0036, ,,0001-01-01,KW2936-01,2025-08-11,False,,False,0001-01-01,False,,DRILL.FISH
FA000117,"NM Drill Collar 6 3/4""31 ft 4 1/2"" IF PIN - 4 1/2"" IF BOX  3 1/4"" ID  , 6 ¾ inch NMDC ","NM DRILL COLLAR 6 3/4""31 FT 4 1/2"" IF PIN - 4 1/2"" IF BOX  3 1/4"" ID  , 6 ¾ INCH NMDC",,01 TANG,NMDC,OFS,,,,V0036, ,,0001-01-01,KW2936-02,2025-07-29,False,,False,0001-01-01,False,,DRILL.FISH
FA000118,"4 3/4"" UBHO with 3 1/2"" IF Pin x Box(with key sleeve with two screws) ","4 3/4"" UBHO WITH 3 1/2"" IF PIN X BOX(WITH KEY SLEEVE WITH TWO SCREWS)",,01 TANG,DHT,OFS,,,,V0036, ,,0001-01-01,0121047-33,2025-07-29,False,,False,0001-01-01,False,,DRILL.FISH
FA000119,"4 3/4"" UBHO with 3 1/2"" IF Pin x Box (with key sleeve with two screws)","4 3/4"" UBHO WITH 3 1/2"" IF PIN X BOX (WITH KEY SLEEVE WITH TWO SCREWS)",,01 TANG,DHT,OFS,,,,V0036, ,,0001-01-01,0121047-32,2025-07-29,False,,False,0001-01-01,False,,DRILL.FISH
FA000120,"6 3/4"" UBHO with 4 1/2"" IF Pin x Box (with key sleeve with two screws)","6 3/4"" UBHO WITH 4 1/2"" IF PIN X BOX (WITH KEY SLEEVE WITH TWO SCREWS)",,01 TANG,DHT,OFS,,,,V0036, ,,0001-01-01,1219853-21,2025-07-29,False,,False,0001-01-01,False,,DRILL.FISH
FA000121,"6 3/4"" UBHO with 4 1/2"" IF Pin x Box (with key sleeve with two screws)","6 3/4"" UBHO WITH 4 1/2"" IF PIN X BOX (WITH KEY SLEEVE WITH TWO SCREWS)",,01 TANG,DHT,OFS,,,,V0036, ,,0001-01-01,1219853-22,2025-07-29,False,,False,0001-01-01,False,,DRILL.FISH
FA000122,"4 3/4"" Float Sub (3 1/2"" IF BOX BORED _3 1/2 IF Valve) With SRG at Pin","4 3/4"" FLOAT SUB (3 1/2"" IF BOX BORED _3 1/2 IF VALVE) WITH SRG AT PIN",,01 TANG,DHT,OFS,,,,V0036, ,,0001-01-01,1219853-18,2025-07-29,False,,False,0001-01-01,False,,DRILL.FISH
FA000123,"4 3/4"" Float Sub (3 1/2"" IF BOX BORED _3 1/2 IF Valve) With SRG at Pin","4 3/4"" FLOAT SUB (3 1/2"" IF BOX BORED _3 1/2 IF VALVE) WITH SRG AT PIN",,01 TANG,DHT,OFS,,,,V0036, ,,0001-01-01,1219853-17,2025-07-29,False,,False,0001-01-01,False,,DRILL.FISH
FA000124,"6 3/4"" Float Sub (4 1/2"" IF PIN - 4 1/2"" IF BOX) With SRG at Pin","6 3/4"" FLOAT SUB (4 1/2"" IF PIN - 4 1/2"" IF BOX) WITH SRG AT PIN",,01 TANG,DHT,OFS,,,,V0036, ,,0001-01-01,2016-0108-8,2025-07-29,False,,False,0001-01-01,False,,DRILL.FISH
FA000125,"6 3/4"" Float Sub (4 1/2"" IF PIN - 4 1/2"" IF BOX) With SRG at Pin","6 3/4"" FLOAT SUB (4 1/2"" IF PIN - 4 1/2"" IF BOX) WITH SRG AT PIN",,01 TANG,DHT,OFS,,,,V0036, ,,0001-01-01,2016-0108-3,2025-07-29,False,,False,0001-01-01,False,,DRILL.FISH
FA000126,9 ½ ” Float Sub (7 5/8 REG PIN - 7 5/8 REG BOX) With SRG at Pin ,9 ½ ” FLOAT SUB (7 5/8 REG PIN - 7 5/8 REG BOX) WITH SRG AT PIN,,01 TANG,DHT,OFS,,,,V0036, ,,0001-01-01,1219853-12,2025-07-29,False,,False,0001-01-01,False,,DRILL.FISH
FA000127,9 ½ ” Float Sub (7 5/8 REG PIN - 7 5/8 REG BOX) With SRG at Pin ,9 ½ ” FLOAT SUB (7 5/8 REG PIN - 7 5/8 REG BOX) WITH SRG AT PIN,,01 TANG,DHT,OFS,,,,V0036, ,,0001-01-01,KW2936-012,2025-08-11,False,,False,0001-01-01,False,,DRILL.FISH
FA000128,"6"" Steel String Stabs with NC38 Conn, OD 4 3/4"" With SRG and BB ","6"" STEEL STRING STABS WITH NC38 CONN, OD 4 3/4"" WITH SRG AND BB",,01 TANG,DHT,OFS,,,,V0036, ,,0001-01-01,KW22102053,2025-07-29,False,,False,0001-01-01,False,,DRILL.FISH
FA000129,"6"" Steel String Stabs with NC38 Conn, OD 4 3/4"" With SRG and BB ","6"" STEEL STRING STABS WITH NC38 CONN, OD 4 3/4"" WITH SRG AND BB",,01 TANG,DHT,OFS,,,,V0036, ,,0001-01-01,KW22102054,2025-07-29,False,,False,0001-01-01,False,,DRILL.FISH
FA000130,"12.25"" Steel String Stabs with 6 5/8 REG Conn, OD 8"" With SRG and BB ","12.25"" STEEL STRING STABS WITH 6 5/8 REG CONN, OD 8"" WITH SRG AND BB",,01 TANG,DHT,OFS,,,,V0036, ,,0001-01-01,ST311526,2025-07-29,False,,False,0001-01-01,False,,DRILL.FISH
FA000131,"16"" Steel String Stabs with 7 5/8 REG Conn, OD 9.5"" With SRG and BB","16"" STEEL STRING STABS WITH 7 5/8 REG CONN, OD 9.5"" WITH SRG AND BB",,01 TANG,DHT,OFS,,,,V0036, ,,0001-01-01,SBD26465,2025-07-29,False,,False,0001-01-01,False,,DRILL.FISH
FA000132,"17 3/8"" Steel String Stabs with 7 5/8 REG Conn, OD 9.5"" With SRG and BB","17 3/8"" STEEL STRING STABS WITH 7 5/8 REG CONN, OD 9.5"" WITH SRG AND BB",,01 TANG,DHT,OFS,,,,V0036, ,,0001-01-01,230803-03,2025-07-29,False,,False,0001-01-01,False,,DRILL.FISH
FA000133,"11 7/8"" Steel String Stabs with 6 5/8 REG Conn, OD 8"" With SRG and BB","11 7/8"" STEEL STRING STABS WITH 6 5/8 REG CONN, OD 8"" WITH SRG AND BB",,01 TANG,DHT,OFS,,,,V0036, ,,0001-01-01,0522069-03,2025-07-29,False,,False,0001-01-01,False,,DRILL.FISH
FA000134,"8 1/16"" Steel String Stabs with NC50 REG Conn, OD 6.5"" With SRG and BB","8 1/16"" STEEL STRING STABS WITH NC50 REG CONN, OD 6.5"" WITH SRG AND BB",,01 TANG,DHT,OFS,,,,V0036, ,,0001-01-01,KW2205537,2025-07-29,False,,False,0001-01-01,False,,DRILL.FISH
FA000135,"8 1/16"" Steel String Stabs with NC50 REG Conn, OD 6.5"" With SRG and BB ","8 1/16"" STEEL STRING STABS WITH NC50 REG CONN, OD 6.5"" WITH SRG AND BB",,01 TANG,DHT,OFS,,,,V0036, ,,0001-01-01,0522069-06,2025-07-29,False,,False,0001-01-01,False,,DRILL.FISH
FA000136,"3 1/2"" IF float valve for the 4 ¾” float sub-Plunger type","3 1/2"" IF FLOAT VALVE FOR THE 4 ¾” FLOAT SUB-PLUNGER TYPE",,01 TANG,DHT,OFS,,,,V0036, ,,0001-01-01,KW2936-08,2025-07-29,False,,False,0001-01-01,False,,DRILL.FISH
FA000137,"3 1/2"" IF float valve for the 4 ¾” float sub-Plunger type","3 1/2"" IF FLOAT VALVE FOR THE 4 ¾” FLOAT SUB-PLUNGER TYPE",,01 TANG,DHT,OFS,,,,V0036, ,,0001-01-01,KW2936-05,2025-07-29,False,,False,0001-01-01,False,,DRILL.FISH
FA000138,4R float valve for the 6 ¾” float sub-Plunger type,4R FLOAT VALVE FOR THE 6 ¾” FLOAT SUB-PLUNGER TYPE,,01 TANG,DHT,OFS,,,,V0036, ,,0001-01-01,KW2936-04,2025-07-29,False,,False,0001-01-01,False,,DRILL.FISH
FA000139,4R float valve for the 6 ¾” float sub-Plunger type,4R FLOAT VALVE FOR THE 6 ¾” FLOAT SUB-PLUNGER TYPE,,01 TANG,DHT,OFS,,,,V0036, ,,0001-01-01,KW2936-06,2025-07-29,False,,False,0001-01-01,False,,DRILL.FISH
FA000140,5R float valve for the 6 ¾” float sub-Plunger type,5R FLOAT VALVE FOR THE 6 ¾” FLOAT SUB-PLUNGER TYPE,,01 TANG,DHT,OFS,,,,V0036, ,,0001-01-01,10121047-16,2025-07-29,False,,False,0001-01-01,False,,DRILL.FISH
FA000141,5R float valve for the 6 ¾” float sub-Plunger type,5R FLOAT VALVE FOR THE 6 ¾” FLOAT SUB-PLUNGER TYPE,,01 TANG,DHT,OFS,,,,V0036, ,,0001-01-01,10121047-10,2025-07-29,False,,False,0001-01-01,False,,DRILL.FISH
FA000142,5f-6R float valve for 8 ¼” and 9 ½” float subs Plunger type ,5F-6R FLOAT VALVE FOR 8 ¼” AND 9 ½” FLOAT SUBS PLUNGER TYPE,,01 TANG,DHT,OFS,,,,V0036, ,,0001-01-01,10121047-22,2025-07-29,False,,False,0001-01-01,False,,DRILL.FISH
FA000143,5f-6R float valve for 8 ¼” and 9 ½” float subs Plunger type ,5F-6R FLOAT VALVE FOR 8 ¼” AND 9 ½” FLOAT SUBS PLUNGER TYPE,,01 TANG,DHT,OFS,,,,V0036, ,,0001-01-01,10121047-23,2025-07-29,False,,False,0001-01-01,False,,DRILL.FISH
FA000144,8.25 ” Float Sub (6 5/8 REG PIN - 6 5/8 REG BOX) With SRG at Pin,8.25 ” FLOAT SUB (6 5/8 REG PIN - 6 5/8 REG BOX) WITH SRG AT PIN,,01 TANG,DHT,OFS,,,,V0036, ,,0001-01-01,NAF-11,2025-07-29,False,,False,0001-01-01,False,,DRILL.FISH
FA000145,8.25 ” Float Sub (6 5/8 REG PIN - 6 5/8 REG BOX) With SRG at Pin,8.25 ” FLOAT SUB (6 5/8 REG PIN - 6 5/8 REG BOX) WITH SRG AT PIN,,01 TANG,DHT,OFS,,,,V0036, ,,0001-01-01,NAF-12,2025-07-29,False,,False,0001-01-01,False,,DRILL.FISH
FA000146,"17-1/2"" Roller Reamer Body String Type","17-1/2"" ROLLER REAMER BODY STRING TYPE",,01 TANG,DHT,OFS,,,,V00610, ,,0001-01-01,RR-174-0014,2025-07-29,False,,False,0001-01-01,False,,DRILL.FISH
FA000147,"17-1/2"" Roller Reamer Body String Type","17-1/2"" ROLLER REAMER BODY STRING TYPE",,01 TANG,DHT,OFS,,,,V00610, ,,0001-01-01,RR-174-0015,2025-07-29,False,,False,0001-01-01,False,,DRILL.FISH
FA000148,"12-1/4"" Roller Reamer Body String Type","12-1/4"" ROLLER REAMER BODY STRING TYPE",,01 TANG,DHT,OFS,,,,V00610, ,,0001-01-01,RR-122-0091,2025-07-29,False,,False,0001-01-01,False,,DRILL.FISH
FA000149,"12-1/4"" Roller Reamer Body String Type","12-1/4"" ROLLER REAMER BODY STRING TYPE",,01 TANG,DHT,OFS,,,,V00610, ,,0001-01-01,RR-122-0089,2025-07-29,False,,False,0001-01-01,False,,DRILL.FISH
FA000150,"8-1/2"" Roller Reamer Body String Type","8-1/2"" ROLLER REAMER BODY STRING TYPE",,01 TANG,DHT,OFS,,,,V00610, ,,0001-01-01,RR-84-0088,2025-07-29,False,,False,0001-01-01,False,,DRILL.FISH
FA000151,"8-1/2"" Roller Reamer Body String Type","8-1/2"" ROLLER REAMER BODY STRING TYPE",,01 TANG,DHT,OFS,,,,V00610, ,,0001-01-01,RR-84-0089,2025-07-29,False,,False,0001-01-01,False,,DRILL.FISH
FA000152,"8 3/4"" RR Bi Directional Cartridge Set","8 3/4"" RR BI DIRECTIONAL CARTRIDGE SET",,01 TANG,DHT,OFS,,,,V00610, ,,0001-01-01,CT-86B-D0572,2025-07-29,False,,False,0001-01-01,False,,DRILL.FISH
FA000153,"8 3/4"" RR Bi Directional Cartridge Set","8 3/4"" RR BI DIRECTIONAL CARTRIDGE SET",,01 TANG,DHT,OFS,,,,V00610, ,,0001-01-01,CT-86B-D0573,2025-07-29,False,,False,0001-01-01,False,,DRILL.FISH
FA000154,"8 1/2"" RR Bi Directional Cartridge Set","8 1/2"" RR BI DIRECTIONAL CARTRIDGE SET",,01 TANG,DHT,OFS,,,,V00610, ,,0001-01-01,CT-84B-D0575,2025-07-29,False,,False,0001-01-01,False,,DRILL.FISH
FA000155,"8 1/2"" RR Bi Directional Cartridge Set","8 1/2"" RR BI DIRECTIONAL CARTRIDGE SET",,01 TANG,DHT,OFS,,,,V00610, ,,0001-01-01,CT-84B-D0576,2025-07-29,False,,False,0001-01-01,False,,DRILL.FISH
FA000156,"17 1/2"" RR Bi Directional Cartridge Set","17 1/2"" RR BI DIRECTIONAL CARTRIDGE SET",,01 TANG,DHT,OFS,,,,V00610, ,,0001-01-01,CT-160B-D0582,2025-07-29,False,,False,0001-01-01,False,,DRILL.FISH
FA000157,"17 1/2"" RR Bi Directional Cartridge Set","17 1/2"" RR BI DIRECTIONAL CARTRIDGE SET",,01 TANG,DHT,OFS,,,,V00610, ,,0001-01-01,CT-160B-D0583,2025-07-29,False,,False,0001-01-01,False,,DRILL.FISH
FA000158,Hydraulic Breakout Machine,HYDRAULIC BREAKOUT MACHINE,,01 TANG,MACHEQ,OFS,,,,V00590, ,,0001-01-01,8025 TM,2026-03-29,False,,False,0001-01-01,False,,DRILL.FISH
FA000159,"Circulation sub 8 1/4"" with HP/HT/H2S seals, 6 5/8"" REG connections, 8 cycles ","CIRCULATION SUB 8 1/4"" WITH HP/HT/H2S SEALS, 6 5/8"" REG CONNECTIONS, 8 CYCLES",,01 TANG,DHT,OFS,,,,V00180, ,,0001-01-01,230989001,2026-03-29,False,,False,0001-01-01,False,,DRILL.FISH
FA000160,"NMDC slick, 6-3/4"", nc50 box with bore back x nc50 pin with stress relief groove connections, 6","NMDC SLICK, 6-3/4"", NC50 BOX WITH BORE BACK X NC50 PIN WITH STRESS RELIEF GROOVE CONNECTIONS, 6","-3/4"" od x 3-1/4"" id",01 TANG,NMDC,OFS,,,,V00190, ,,0001-01-01,PST5912,2025-07-29,False,,False,0001-01-01,False,,DRILL.FISH
FA000161,"Drill collar, non mag slick, 6-3/4"", nc50 box with bore back x nc50 pin with stress relief","DRILL COLLAR, NON MAG SLICK, 6-3/4"", NC50 BOX WITH BORE BACK X NC50 PIN WITH STRESS RELIEF","groove connections, 6-3/4"" od x 3-1/4"" id",01 TANG,NMDC,OFS,,,,V00190, ,,0001-01-01,PST5913,2026-03-24,False,,False,0001-01-01,False,,DRILL.FISH
FA000162,"Drill collar, non mag slick, 8"", 6-5/8"" reg box with bore back x 6 5/8"" reg pin with stress","DRILL COLLAR, NON MAG SLICK, 8"", 6-5/8"" REG BOX WITH BORE BACK X 6 5/8"" REG PIN WITH STRESS","relief groove connections, 8"" od x 3-1/2"" id",01 TANG,NMDC,OFS,,,,V00190, ,,0001-01-01,PST4489,2025-07-29,False,,False,0001-01-01,False,,DRILL.FISH
FA000163,"Drill collar, non mag slick, 8"", 6-5/8"" reg box with bore back x 6 5/8"" reg pin with stress relief","DRILL COLLAR, NON MAG SLICK, 8"", 6-5/8"" REG BOX WITH BORE BACK X 6 5/8"" REG PIN WITH STRESS RELIEF","groove connections, 8"" od x 3-1/4"" id, range 2",01 TANG,NMDC,OFS,,,,V00190, ,,0001-01-01,PST5925,2025-07-29,False,,False,0001-01-01,False,,DRILL.FISH
FA000164,"Drill collar, non mag pony, 6-3/4"", nc50 box with bore back x nc50 pin with stress relief","DRILL COLLAR, NON MAG PONY, 6-3/4"", NC50 BOX WITH BORE BACK X NC50 PIN WITH STRESS RELIEF","groove connections, 6-3/4"" od x 3-1/4"" id, 10' oal",01 TANG,NMDC,OFS,,,,V00190, ,,0001-01-01,PST2134,2025-07-29,False,,False,0001-01-01,False,,DRILL.FISH
FA000165,"Drill collar, non mag pony, 6-3/4"", nc50 box with bore back x nc50 pin with stress relief","DRILL COLLAR, NON MAG PONY, 6-3/4"", NC50 BOX WITH BORE BACK X NC50 PIN WITH STRESS RELIEF","groove connections, 6-3/4"" od x 3-1/4"" id, 10' oal",01 TANG,NMDC,OFS,,,,V00190, ,,0001-01-01,PST2135,2025-07-29,False,,False,0001-01-01,False,,DRILL.FISH
FA000166,"Drill collar, non mag pony, 8"", 6-5/8"" reg box with bore back x 6-5/8"" reg pin with stress relief","DRILL COLLAR, NON MAG PONY, 8"", 6-5/8"" REG BOX WITH BORE BACK X 6-5/8"" REG PIN WITH STRESS RELIEF","groove connections, 8"" od x 3-1/2"" id, 10' oal",01 TANG,NMDC,OFS,,,,V00190, ,,0001-01-01,PST8157,2025-07-29,False,,False,0001-01-01,False,,DRILL.FISH
FA000167,"NM pony dc 6-5/8"" reg","NM PONY DC 6-5/8"" REG",,01 TANG,NMDC,OFS,,,,V00190, ,,0001-01-01,HEMO1561,2025-07-29,False,,False,0001-01-01,False,,DRILL.FISH
FA000168,"Drill collar, non mag pony, 9-1/2"", 7-5/8"" reg box with bore back x 7 5/8"" reg pin with stress relie","DRILL COLLAR, NON MAG PONY, 9-1/2"", 7-5/8"" REG BOX WITH BORE BACK X 7 5/8"" REG PIN WITH STRESS RELIE","groove connections, 9-1/2"" od x 4"" id, 10' oal",01 TANG,NMDC,OFS,,,,V00190, ,,0001-01-01,PST4605,2025-07-29,False,,False,0001-01-01,False,,DRILL.FISH
FA000169,"MegaPerf Tool Body 2-7/8"" EUE box x pin and accessories","MEGAPERF TOOL BODY 2-7/8"" EUE BOX X PIN AND ACCESSORIES",,01 TANG,DHT,OFS,,,,V00280, ,,0001-01-01,TB-90-01,2026-03-29,False,,False,0001-01-01,False,,DRILL.FISH
FA000170,STRAIGHT HOUSING,STRAIGHT HOUSING,,01 TANG,MUD MOTOR,OFS,,,,V0043, ,,0001-01-01,F80-22-M40A-001,2025-07-29,False,,False,0001-01-01,False,,DRILL.FISH
FA000171,STRAIGHT HOUSING,STRAIGHT HOUSING,,01 TANG,MUD MOTOR,OFS,,,,V0043, ,,0001-01-01,F80-22-M40A-002,2025-07-29,False,,False,0001-01-01,False,,DRILL.FISH
FA000172,"SERVICE SUB, 7.000"" AM PIN X 6.995"" MOD IF BOX ","SERVICE SUB, 7.000"" AM PIN X 6.995"" MOD IF BOX",,01 TANG,MUD MOTOR,OFS,,,,V0043, ,,0001-01-01,SS80-22-M40-003,2025-07-29,False,,False,0001-01-01,False,,DRILL.FISH
FA000173,"SERVICE SUB, 7.000"" AM PIN X 6.995"" MOD IF BOX ","SERVICE SUB, 7.000"" AM PIN X 6.995"" MOD IF BOX",,01 TANG,MUD MOTOR,OFS,,,,V0043, ,,0001-01-01,SS80-22-M40-004,2025-07-29,False,,False,0001-01-01,False,,DRILL.FISH
FA000174,"8"" MOTOR WITH 8"" M40A WITH UPSET THRUST HOUSING & 8"" HYBRID FLEX  DRIVE, 3° ADJUSTABLE ASSEMBLY","8"" MOTOR WITH 8"" M40A WITH UPSET THRUST HOUSING & 8"" HYBRID FLEX  DRIVE, 3° ADJUSTABLE ASSEMBLY","ROTOR RETAINER ASSEMBLY, TOP SUB, 6 5/8 REG CONNEC",01 TANG,MUD MOTOR,OFS,,,,V0043, ,,0001-01-01,M40-800-0030 ,2026-01-28,False,,False,0001-01-01,False,,DRILL.FISH
FA000175,"8"" MOTOR WITH 8"" M40A WITH UPSET THRUST HOUSING & 8"" HYBRID FLEX  DRIVE, 3° ADJUSTABLE ASSEMBLY","8"" MOTOR WITH 8"" M40A WITH UPSET THRUST HOUSING & 8"" HYBRID FLEX  DRIVE, 3° ADJUSTABLE ASSEMBLY","ROTOR RETAINER ASSEMBLY, TOP SUB, 6 5/8 REG CONNEC",01 TANG,MUD MOTOR,OFS,,,,V0043, ,,0001-01-01,M40-800-0033,2026-01-28,False,,False,0001-01-01,False,,DRILL.FISH
FA000176,S800784.0 L3-STD-NBR HPW-STATOR (W3367),S800784.0 L3-STD-NBR HPW-STATOR (W3367),,01 TANG,MUD MOTOR,OFS,,,,V00050, ,,0001-01-01,4-C41619-3,2026-06-02,False,,False,0001-01-01,False,,DRILL.FISH
FA000177,S800784.0 L3-STD-NBR HPW-STATOR (W3367),S800784.0 L3-STD-NBR HPW-STATOR (W3367),,01 TANG,MUD MOTOR,OFS,,,,V00050, ,,0001-01-01,4-C41800-2,2026-06-02,False,,False,0001-01-01,False,,DRILL.FISH
FA000178,R800784.0-SLD-2.125-6 SA:WC-ROTOR,R800784.0-SLD-2.125-6 SA:WC-ROTOR,,01 TANG,MUD MOTOR,OFS,,,,V00050, ,,0001-01-01,4-B02000,2026-02-19,False,,False,0001-01-01,False,,DRILL.FISH
FA000179,R800784.0-SLD-2.125-6 SA:WC-ROTOR,R800784.0-SLD-2.125-6 SA:WC-ROTOR,,01 TANG,MUD MOTOR,OFS,,,,V00050, ,,0001-01-01,4-B02001,2026-02-19,False,,False,0001-01-01,False,,DRILL.FISH
FA000180,S800784.0 L3-STD-NBR HPW-STATOR (P19290/1-W1309),S800784.0 L3-STD-NBR HPW-STATOR (P19290/1-W1309),,01 TANG,MUD MOTOR,OFS,,,,V00050, ,,0001-01-01,4-C42029-10,2026-06-02,False,,False,0001-01-01,False,,DRILL.FISH
FA000181,S800784.0 L3-STD-NBR HPW-STATOR  (W1309),S800784.0 L3-STD-NBR HPW-STATOR  (W1309),,01 TANG,MUD MOTOR,OFS,,,,V00050, ,,0001-01-01,4-C42029-9,2026-06-14,False,,False,0001-01-01,False,,DRILL.FISH
FA000182,S962785.7-STD-NBR HPW STATOR (35394),S962785.7-STD-NBR HPW STATOR (35394),,01 TANG,MUD MOTOR,OFS,,,,V00050, ,,0001-01-01,4-C41619-5,2026-06-02,False,,False,0001-01-01,False,,DRILL.FISH
FA000183,S962785.7-STD-NBR HPW STATOR (R60577),S962785.7-STD-NBR HPW STATOR (R60577),,01 TANG,MUD MOTOR,OFS,,,,V00050, ,,0001-01-01,4-C41800-8,2026-06-02,False,,False,0001-01-01,False,,DRILL.FISH
FA000184,GYROTRACER 150°C,GYROTRACER 150°C,,01 TANG,GYRO,OFS,,,,, ,,0001-01-01,HT-042,2026-03-11,False,,False,0001-01-01,False,,DRILL.FISH
FA000185,"DRILL COLLAR, NON MAG SLICK, 4-3/4"", NC38 BOX WITH BORE BACK x NC38 PIN","DRILL COLLAR, NON MAG SLICK, 4-3/4"", NC38 BOX WITH BORE BACK X NC38 PIN",,01 TANG,NMDC,OFS,,,,V00410, ,,0001-01-01,PST5900,2025-07-29,False,,False,0001-01-01,False,,DRILL.FISH
FA000186,"DRILL COLLAR, NON MAG SLICK, 6-3/4"", NC50 BOX WITH BB X NC50 PIN ","DRILL COLLAR, NON MAG SLICK, 6-3/4"", NC50 BOX WITH BB X NC50 PIN",,01 TANG,NMDC,OFS,,,,V00410, ,,0001-01-01,DPST5910,2025-07-29,False,,False,0001-01-01,False,,DRILL.FISH
FA000187,"DRILL COLLAR, NON MAG SLICK, 8"", 6-5/8"" REG BOX WITH BB x 6-5/8"" REG PIN ","DRILL COLLAR, NON MAG SLICK, 8"", 6-5/8"" REG BOX WITH BB X 6-5/8"" REG PIN",,01 TANG,NMDC,OFS,,,,V00410, ,,0001-01-01,TPST5497,2025-07-29,False,,False,0001-01-01,False,,DRILL.FISH
FA000188,"DRILL COLLAR, NON MAG FLEX, 4-3/4"", NC38 BOX WITH BB x NC38 PIN ","DRILL COLLAR, NON MAG FLEX, 4-3/4"", NC38 BOX WITH BB X NC38 PIN",,01 TANG,NMDC,OFS,,,,V00410, ,,0001-01-01,PST1939,2025-07-29,False,,False,0001-01-01,False,,DRILL.FISH
FA000189,"DRILL COLLAR, NON MAG FLEX PONY, 4-3/4"", NC38 BOX WITH BB x NC38 PIN","DRILL COLLAR, NON MAG FLEX PONY, 4-3/4"", NC38 BOX WITH BB X NC38 PIN",,01 TANG,NMDC,OFS,,,,V00410, ,,0001-01-01,PST4115,2025-07-29,False,,False,0001-01-01,False,,DRILL.FISH
FA000190,"EDR Data Acquisition System (DAQ), Links EDR software for surface parameters, ","EDR DATA ACQUISITION SYSTEM (DAQ), LINKS EDR SOFTWARE FOR SURFACE PARAMETERS,",,01 TANG,RTM,OFS,,,,V00210, ,,0001-01-01,93929,2026-03-29,False,,False,0001-01-01,False,,DRILL.FISH
FA000191,"EDR Data Acquisition System (DAQ), Links EDR software for surface parameters, ","EDR DATA ACQUISITION SYSTEM (DAQ), LINKS EDR SOFTWARE FOR SURFACE PARAMETERS,",,01 TANG,RTM,OFS,,,,V00210, ,,0001-01-01,93930,2026-03-29,False,,False,0001-01-01,False,,DRILL.FISH
FA000192,"PR# 0287, V145,Air Compressor for Tajoura Base","PR# 0287, V145,AIR COMPRESSOR FOR TAJOURA BASE",,01 TANG,MACHEQ,OFS,,,,V0024, ,,0001-01-01,LDC-ME-1001,2025-07-29,False,,False,0001-01-01,False,,MACHINERY
FA000193,"V197,PR# 312,Steel Rack Size H10 for Tajoura Base,Sami","V197,PR# 312,STEEL RACK SIZE H10 FOR TAJOURA BASE,SAMI",,01 TANG,PROPPLT,OFS,,,,V0024, ,,0001-01-01,LDC-ME-1002,2025-07-29,False,,False,0001-01-01,False,,MACHINERY
FA000194,"V198,PR# 288,Storage Racks  for Tajoura Base","V198,PR# 288,STORAGE RACKS  FOR TAJOURA BASE",,01 TANG,PROPPLT,OFS,,,,V0024, ,,0001-01-01,LDC-ME-1003,2025-07-29,False,,False,0001-01-01,False,,MACHINERY
FA000195,"V435, Albadeel board +Camera-86T60C at Tajoura base","V435, ALBADEEL BOARD +CAMERA-86T60C AT TAJOURA BASE",,01 TANG,FURNOFF,OFS,,,,V0024, ,,0001-01-01,LDC-FN-2001,2025-07-29,False,,False,0001-01-01,False,,FURNITURE
FA000196,"V436, TV-65 from Albadeel for Tajoura base  ","V436, TV-65 FROM ALBADEEL FOR TAJOURA BASE",,01 TANG,FURNOFF,OFS,,,,V0024, ,,0001-01-01,LDC-FN-2002,2025-07-29,False,,False,0001-01-01,False,,FURNITURE
FA000197,"V848, PMT For Pr-90198 For Alsharq Company For Purchasing Trailer ","V848, PMT FOR PR-90198 FOR ALSHARQ COMPANY FOR PURCHASING TRAILER",,01 TANG,VEH,GA,,,,V0024, ,,0001-01-01,LDC-PV-3001,2025-07-29,False,,False,0001-01-01,False,,PASS.VEH
FA000198,"New car ""KIA Sorento-2024 Model""","NEW CAR ""KIA SORENTO-2024 MODEL""",,01 TANG,VEH,GA,,,,V0024, ,,0001-01-01,LDC-PV-3002,2025-07-29,False,,False,0001-01-01,False,,PASS.VEH
FA000199,"PR(90244) For Kunooz Company ANY For Stabilizer& UPS For MWD UNIT/ TJ Base,OFS","PR(90244) FOR KUNOOZ COMPANY ANY FOR STABILIZER& UPS FOR MWD UNIT/ TJ BASE,OFS",,01 TANG,MACHEQ,OFS,,,,V0024, ,,0001-01-01,LDC-ME-1004,2025-07-29,False,,False,0001-01-01,False,,MACHINERY
FA000200,Organization Establishment Expenses,ORGANIZATION ESTABLISHMENT EXPENSES,,02 INTG,ORGEXP,OFS,,,,V0024, ,,0001-01-01,,2025-07-29,False,,False,0001-01-01,False,,ORGANIZATI
FA000201,Organization Establishment Expenses,ORGANIZATION ESTABLISHMENT EXPENSES,,02 INTG,ORGEXP,OFS,,,,V0024, ,,0001-01-01,,2025-07-29,False,,False,0001-01-01,False,,ORGANIZATI
FA000202,Warehouse Generator TJB,WAREHOUSE GENERATOR TJB,,01 TANG,MACHEQ,OFS,,,,V0024, ,,0001-01-01,,2026-06-12,False,,False,0001-01-01,False,,MACHINERY
FA000203,"9-5/8"" Drilling Motors Series 36 with 7-5/8"" Reg BxB Connection ","9-5/8"" DRILLING MOTORS SERIES 36 WITH 7-5/8"" REG BXB CONNECTION",,01 TANG,MUD MOTOR,OFS,,,,V00470, ,,0001-01-01,15865,2025-08-11,False,,False,0001-01-01,False,,DRILL.FISH
FA000204,"16"" OD Motor Stabilizer Sleeve ","16"" OD MOTOR STABILIZER SLEEVE",,01 TANG,MUD MOTOR,OFS,,,,V00470, ,,0001-01-01,16081,2026-02-22,False,,False,0001-01-01,False,,DRILL.FISH
FA000205,"9-5/8"" Drilling Motors Series 36 with 7-5/8"" Reg BxB Connection ","9-5/8"" DRILLING MOTORS SERIES 36 WITH 7-5/8"" REG BXB CONNECTION",,01 TANG,MUD MOTOR,OFS,,,,V00470, ,,0001-01-01,15871,2025-08-11,False,,False,0001-01-01,False,,DRILL.FISH
FA000206,"16"" OD Motor Stabilizer Sleeve ","16"" OD MOTOR STABILIZER SLEEVE",,01 TANG,MUD MOTOR,OFS,,,,V00470, ,,0001-01-01,16082,2026-02-22,False,,False,0001-01-01,False,,DRILL.FISH
FA000207,"9-5/8"" Drilling Motors Series 36 with 7-5/8"" Reg BxB Connection ","9-5/8"" DRILLING MOTORS SERIES 36 WITH 7-5/8"" REG BXB CONNECTION",,01 TANG,MUD MOTOR,OFS,,,,V00470, ,,0001-01-01,15763,2025-08-11,False,,False,0001-01-01,False,,DRILL.FISH
FA000208,"16"" OD Motor Stabilizer Sleeve","16"" OD MOTOR STABILIZER SLEEVE",,01 TANG,MUD MOTOR,OFS,,,,V00470, ,,0001-01-01,16758,2026-02-22,False,,False,0001-01-01,False,,DRILL.FISH
FA000209,"6-3/4"" Drilling Motor Series 36 with 4-1/2 I.F.x 4-1/2 I.F. Connection","6-3/4"" DRILLING MOTOR SERIES 36 WITH 4-1/2 I.F.X 4-1/2 I.F. CONNECTION",,01 TANG,MUD MOTOR,OFS,,,,V00470, ,,0001-01-01,15580,2025-08-11,False,,False,0001-01-01,False,,DRILL.FISH
FA000210,"8-3/8"" OD Motor Stabilizer Sleeve ","8-3/8"" OD MOTOR STABILIZER SLEEVE",,01 TANG,MUD MOTOR,OFS,,,,V00470, ,,0001-01-01,16088,2026-02-22,False,,False,0001-01-01,False,,DRILL.FISH
FA000211,"6-3/4"" Drilling Motor Series 36 with 4-1/2 I.F.x 4-1/2 I.F. Connection","6-3/4"" DRILLING MOTOR SERIES 36 WITH 4-1/2 I.F.X 4-1/2 I.F. CONNECTION",,01 TANG,MUD MOTOR,OFS,,,,V00470, ,,0001-01-01,15872,2025-08-11,False,,False,0001-01-01,False,,DRILL.FISH
FA000212,"8-3/8"" OD Motor Stabilizer Sleeve ","8-3/8"" OD MOTOR STABILIZER SLEEVE",,01 TANG,MUD MOTOR,OFS,,,,V00470, ,,0001-01-01,16089,2026-02-22,False,,False,0001-01-01,False,,DRILL.FISH
FA000213,"6-3/4"" Drilling Motor Series 36 with 4-1/2 I.F.x 4-1/2 I.F. Connection","6-3/4"" DRILLING MOTOR SERIES 36 WITH 4-1/2 I.F.X 4-1/2 I.F. CONNECTION",,01 TANG,MUD MOTOR,OFS,,,,V00470, ,,0001-01-01,15579,2025-08-11,False,,False,0001-01-01,False,,DRILL.FISH
FA000214,"8-3/8"" OD Motor Stabilizer Sleeve ","8-3/8"" OD MOTOR STABILIZER SLEEVE",,01 TANG,MUD MOTOR,OFS,,,,V00470, ,,0001-01-01,16090,2026-02-22,False,,False,0001-01-01,False,,DRILL.FISH
FA000215,"5.0"" OD Dynomax Drilling Motor Series 1 with 3-1/2"" I.F. x 3-1/2"" REG Connections","5.0"" OD DYNOMAX DRILLING MOTOR SERIES 1 WITH 3-1/2"" I.F. X 3-1/2"" REG CONNECTIONS",,01 TANG,MUD MOTOR,OFS,,,,V00470, ,,0001-01-01,RAD 504,2025-08-11,False,,False,0001-01-01,False,,DRILL.FISH
FA000216,"5-7/8"" OD Motor Stabilizer ","5-7/8"" OD MOTOR STABILIZER",,01 TANG,MUD MOTOR,OFS,,,,V00470, ,,0001-01-01,DM113997-04,2026-02-22,False,,False,0001-01-01,False,,DRILL.FISH
FA000217,"5.0"" OD Dynomax Drilling Motor Series 1 with 3-1/2"" I.F. x 3-1/2"" REG Connections","5.0"" OD DYNOMAX DRILLING MOTOR SERIES 1 WITH 3-1/2"" I.F. X 3-1/2"" REG CONNECTIONS",,01 TANG,MUD MOTOR,OFS,,,,V00470, ,,0001-01-01,RAD 506,2025-08-11,False,,False,0001-01-01,False,,DRILL.FISH
FA000218,"6"" OD Motor Stabilizer ","6"" OD MOTOR STABILIZER",,01 TANG,MUD MOTOR,OFS,,,,V00470, ,,0001-01-01,DM11397-02  ,2026-02-22,False,,False,0001-01-01,False,,DRILL.FISH
FA000219,Hydraulic Setting Tool size 20,HYDRAULIC SETTING TOOL SIZE 20,,01 TANG,COMPLETION,OFS,,,,V00260, ,,0001-01-01,300459,2025-07-29,False,,False,0001-01-01,False,,DRILL.FISH
FA000220,"9 1/2"" SCREW-ON STABILIZER 23.75"" OD NON-DIR 5 BLADE","9 1/2"" SCREW-ON STABILIZER 23.75"" OD NON-DIR 5 BLADE",,01 TANG,MUD MOTOR,OFS,,,,V0043, ,,0001-01-01,WZL-0196-003,2026-02-22,False,,False,0001-01-01,False,,DRILL.FISH
FA000221,THRUST HOUSING,THRUST HOUSING,,01 TANG,MUD MOTOR,OFS,,,,V00550, ,,0001-01-01,,2026-01-13,False,,False,0001-01-01,False,,DRILL.FISH
FA000222,"STATIONARY FLOW RESTRICTOR, UPPER","STATIONARY FLOW RESTRICTOR, UPPER",,01 TANG,MUD MOTOR,OFS,,,,V00550, ,,0001-01-01,,2025-12-17,False,,False,0001-01-01,False,,DRILL.FISH
FA000223,ROTATING FLOW RESTRICTOR,ROTATING FLOW RESTRICTOR,,01 TANG,MUD MOTOR,OFS,,,,V00550, ,,0001-01-01,,2026-03-02,False,,False,0001-01-01,False,,DRILL.FISH
FA000224,"STATIONARY FLOW RESTRICTOR, LOWER","STATIONARY FLOW RESTRICTOR, LOWER",,01 TANG,MUD MOTOR,OFS,,,,V00550, ,,0001-01-01,,2026-03-02,False,,False,0001-01-01,False,,DRILL.FISH
FA000225,"8 3/8"" MOTOR SLEEVE STABILIZER, 5 BLADE ONLY FOR H67-M7-0 MUD LUBE MOTOR","8 3/8"" MOTOR SLEEVE STABILIZER, 5 BLADE ONLY FOR H67-M7-0 MUD LUBE MOTOR",,01 TANG,MUD MOTOR,OFS,,,,V00550, ,,0001-01-01,8416701,2026-02-22,False,,False,0001-01-01,False,,DRILL.FISH
FA000226,"8 3/8"" MOTOR SLEEVE STABILIZER, 5 BLADE ONLY FOR H67-M7-0 MUD LUBE MOTOR","8 3/8"" MOTOR SLEEVE STABILIZER, 5 BLADE ONLY FOR H67-M7-0 MUD LUBE MOTOR",,01 TANG,MUD MOTOR,OFS,,,,V00550, ,,0001-01-01,8416702,2026-02-22,False,,False,0001-01-01,False,,DRILL.FISH
FA000227,"8 3/8"" MOTOR SLEEVE STABILIZER, 5 BLADE ONLY FOR H67-M7-0 MUD LUBE MOTOR","8 3/8"" MOTOR SLEEVE STABILIZER, 5 BLADE ONLY FOR H67-M7-0 MUD LUBE MOTOR",,01 TANG,MUD MOTOR,OFS,,,,V00550, ,,0001-01-01,8416703,2026-02-22,False,,False,0001-01-01,False,,DRILL.FISH
FA000228,"8 3/8"" MOTOR SLEEVE STABILIZER, 5 BLADE ONLY FOR H67-M7-0 MUD LUBE MOTOR","8 3/8"" MOTOR SLEEVE STABILIZER, 5 BLADE ONLY FOR H67-M7-0 MUD LUBE MOTOR",,01 TANG,MUD MOTOR,OFS,,,,V00550, ,,0001-01-01,8416704,2026-02-22,False,,False,0001-01-01,False,,DRILL.FISH
FA000229,"8 3/8"" MOTOR SLEEVE STABILIZER, 5 BLADE ONLY FOR H67-M7-0 MUD LUBE MOTOR","8 3/8"" MOTOR SLEEVE STABILIZER, 5 BLADE ONLY FOR H67-M7-0 MUD LUBE MOTOR",,01 TANG,MUD MOTOR,OFS,,,,V00550, ,,0001-01-01,8416705,2026-02-22,False,,False,0001-01-01,False,,DRILL.FISH
FA000230,"9 1/2"" SCREW-ON STABILIZER 23.75"" OD NON-DIR 5 BLADE","9 1/2"" SCREW-ON STABILIZER 23.75"" OD NON-DIR 5 BLADE",,01 TANG,MUD MOTOR,OFS,,,,V0043, ,,0001-01-01,WZL-0196-004,2026-02-22,False,,False,0001-01-01,False,,DRILL.FISH
FA000231,"8"" M40 SCREW-ON STABILIZER, 12.125 OD NON-DIR 5 BLADE","8"" M40 SCREW-ON STABILIZER, 12.125 OD NON-DIR 5 BLADE",,01 TANG,MUD MOTOR,OFS,,,,V0043, ,,0001-01-01,WZL-0265-02,2026-02-22,False,,False,0001-01-01,False,,DRILL.FISH
FA000232,"8"" M40 SCREW-ON STABILIZER, 12.125 OD NON-DIR 5 BLADE","8"" M40 SCREW-ON STABILIZER, 12.125 OD NON-DIR 5 BLADE",,01 TANG,MUD MOTOR,OFS,,,,V0043, ,,0001-01-01,WZL-0265-03,2026-02-22,False,,False,0001-01-01,False,,DRILL.FISH
FA000233,"8"" M40 SCREW-ON STABILIZER, 12.125 OD NON-DIR 5 BLADE","8"" M40 SCREW-ON STABILIZER, 12.125 OD NON-DIR 5 BLADE",,01 TANG,MUD MOTOR,OFS,,,,V0043, ,,0001-01-01,WZL-0265-04,2026-02-22,False,,False,0001-01-01,False,,DRILL.FISH
FA000234,"12 1/8"" SPIRAL SCREW STABILIZER","12 1/8"" SPIRAL SCREW STABILIZER",,01 TANG,MUD MOTOR,OFS,,,,V0043, ,,0001-01-01,,2026-03-12,False,,False,0001-01-01,False,,DRILL.FISH
FA000235,"9 1/2"" SCREW-ON STABILIZER 17.25"" OD - NON-DIR 5 BLADE","9 1/2"" SCREW-ON STABILIZER 17.25"" OD - NON-DIR 5 BLADE",,01 TANG,MUD MOTOR,OFS,,,,V0043, ,,0001-01-01,WZL-0265-01,2026-02-22,False,,False,0001-01-01,False,,DRILL.FISH
FA000236,Office Generator,OFFICE GENERATOR,,01 TANG,MACHEQ,GA,,,,V0024, ,,0001-01-01,,2025-07-29,False,,False,0001-01-01,False,,MACHINERY
FA000237,MONOCONDUCTOR WIRELINE SKID MOUNTED UNIT,MONOCONDUCTOR WIRELINE SKID MOUNTED UNIT,,01 TANG,WIRELINE,OFS,,,,V0044, ,,0001-01-01,,2026-04-06,False,,False,0001-01-01,False,,DRILL.FISH
FA000238,"7/32"" CABLE FOR WIRELINE UNIT","7/32"" CABLE FOR WIRELINE UNIT",,01 TANG,WIRELINE,OFS,,,,V0044, ,,0001-01-01,,2026-04-06,False,,False,0001-01-01,False,,DRILL.FISH
FA000239,Bearing Assembly Superhawk High Pull,BEARING ASSEMBLY SUPERHAWK HIGH PULL,,01 TANG,MUD MOTOR,OFS,,,,V01480, ,,0001-01-01,,2026-05-11,False,,False,0001-01-01,False,,DRILL.FISH
FA000240,"CPO - 4 3/4"" HYDRAULIC JAR, DOUBLE ACTING, STANDARD SEALS, 3 1/2 IF CONNECTIONS","CPO - 4 3/4"" HYDRAULIC JAR, DOUBLE ACTING, STANDARD SEALS, 3 1/2 IF CONNECTIONS",,01 TANG,JARS,OFS,,,,V0043, ,,0001-01-01,BDA25522,2025-12-07,False,,False,0001-01-01,False,,DRILL.FISH
FA000241,"CPO - 6 1/2"" HYDRAULIC JAR, DOUBLE ACTING, STANDARD SEALS, 4 1/2 IF CONNECTIONS","CPO - 6 1/2"" HYDRAULIC JAR, DOUBLE ACTING, STANDARD SEALS, 4 1/2 IF CONNECTIONS",,01 TANG,JARS,OFS,,,,V0043, ,,0001-01-01,BD17647,2025-12-07,False,,False,0001-01-01,False,,DRILL.FISH
FA000242,"8"" DOUBLE ACTING HYDRAULIC JAR, Nickel CHROME ID COATING, STANDARD SEALS, 6 5/8 REG BB/SRG CONNECTIO","8"" DOUBLE ACTING HYDRAULIC JAR, NICKEL CHROME ID COATING, STANDARD SEALS, 6 5/8 REG BB/SRG CONNECTIO",,01 TANG,JARS,OFS,,,,V0043, ,,0001-01-01,,2025-12-07,False,,False,0001-01-01,False,,DRILL.FISH
FA000243,"8"" MOTOR WITH 8"" M40A & 8"" HYBRID FLEX, S22 ADJUSTABLE, ROTOR CATCH ASSEMBLY, FLEX TOP SUB, 6 5/8 RE","8"" MOTOR WITH 8"" M40A & 8"" HYBRID FLEX, S22 ADJUSTABLE, ROTOR CATCH ASSEMBLY, FLEX TOP SUB, 6 5/8 RE",,01 TANG,MUD MOTOR,OFS,,,,V0043, ,,0001-01-01,M40-800-0050,2026-01-28,False,,False,0001-01-01,False,,DRILL.FISH
FA000244,S475783.8-1.5OS-NBR HPW -STATOR (B11235),S475783.8-1.5OS-NBR HPW,,01 TANG,MUD MOTOR,OFS,,,,V00050, ,,0001-01-01,4-C42029-1,2026-06-02,False,,False,0001-01-01,False,,DRILL.FISH
FA000245,Bearing Assembly Superhawk,BEARING ASSEMBLY SUPERHAWK,,01 TANG,MUD MOTOR,OFS,,,,V01480, ,,0001-01-01,,2026-05-11,False,,False,0001-01-01,False,,DRILL.FISH
FA000247,R675785.0-SLD-1.375-6 SA:WC - ROTOR,R675785.0-SLD-1.375-6 SA:WC - ROTOR,,01 TANG,MUD MOTOR,OFS,,,,V00050, ,,0001-01-01,4-B02451,2026-02-19,False,,False,0001-01-01,False,,DRILL.FISH
FA000248,S800784.0 L3-STD-NBR HPW -STATOR  (W1309),S800784.0 L3-STD-NBR HPW -STATOR  (W1309),,01 TANG,MUD MOTOR,OFS,,,,V00050, ,,0001-01-01,4-C42029-7,2026-06-02,False,,False,0001-01-01,False,,DRILL.FISH
FA000249,R800784.0-SLD-2.125-6 SA:WC - ROTOR,R800784.0-SLD-2.125-6 SA:WC - ROTOR,,01 TANG,MUD MOTOR,OFS,,,,V00050, ,,0001-01-01,4-B02446,2026-02-19,False,,False,0001-01-01,False,,DRILL.FISH
FA000250,S962785.7-STD-NBR HPW -STATOR (R60382),S962785.7-STD-NBR HPW -STATOR (R60382),,01 TANG,MUD MOTOR,OFS,,,,V00050, ,,0001-01-01,4-C42029-11,2026-06-02,False,,False,0001-01-01,False,,DRILL.FISH
FA000251,"HQ800, 8"" HYDRAQUAKER (DAH DRILLING JAR) 6-5/8 REG BOX X PIN  ","HQ800, 8"" HYDRAQUAKER (DAH DRILLING JAR) 6-5/8 REG BOX X PIN",,01 TANG,JARS,OFS,,,,V00760, ,,0001-01-01,OSC142333A,2026-02-03,False,,False,0001-01-01,False,FA,DRILL.FISH
FA000252,Bearing Assembly Superhawk,BEARING ASSEMBLY SUPERHAWK,,01 TANG,MUD MOTOR,OFS,,,,V01480, ,,0001-01-01,,2026-05-11,False,,False,0001-01-01,False,,DRILL.FISH
FA000253,Column Jib Crane Lifting Capacity: 1.000 kg,COLUMN JIB CRANE LIFTING CAPACITY: 1.000 KG,,01 TANG,MACHEQ,OFS,,,,V00260, ,,0001-01-01,424337/01,2025-12-01,False,,False,0001-01-01,False,FA,MACHINERY
FA000254,Column Jib Crane Lifting Capacity: 500 kg,COLUMN JIB CRANE LIFTING CAPACITY: 500 KG,,01 TANG,MACHEQ,OFS,,,,V00260, ,,0001-01-01,20077471-0001,2025-12-01,False,,False,0001-01-01,False,FA,MACHINERY
FA000255,Hanging Jib Crane Lifting Capacity: 500 kg,HANGING JIB CRANE LIFTING CAPACITY: 500 KG,,01 TANG,MACHEQ,OFS,,,,V00260, ,,0001-01-01,062072,2025-12-01,False,,False,0001-01-01,False,FA,MACHINERY
FA000256,Grinding Machine  incl. Accessories *2ndH,GRINDING MACHINE  INCL. ACCESSORIES *2NDH,,01 TANG,MACHEQ,OFS,,,,V00260, ,,0001-01-01,,2025-12-01,False,,False,0001-01-01,False,FA,MACHINERY
FA000257,Single Stage Holeopener,SINGLE STAGE HOLEOPENER,,01 TANG,HOLEOPENER,OFS,,,,V00240, ,,0001-01-01,OWS-HO-3603,2026-03-02,False,,False,0001-01-01,False,FA,DRILL.FISH
FA000258,6-1/8” OD Keyhole Whipstock Mill ,6-1/8” OD KEYHOLE WHIPSTOCK MILL,,01 TANG,WHIPSTOCK,OFS,,,,, ,,0001-01-01,,2025-12-01,False,,False,0001-01-01,False,FA,DRILL.FISH
FA000259,6-1/8” OD Window Mill ,6-1/8” OD WINDOW MILL,,01 TANG,WHIPSTOCK,OFS,,,,, ,,0001-01-01,,2025-12-01,False,,False,0001-01-01,False,FA,DRILL.FISH
FA000260,6-1/8” OD Watermelon Mill ,6-1/8” OD WATERMELON MILL,,01 TANG,WHIPSTOCK,OFS,,,,, ,,0001-01-01,,2025-12-01,False,,False,0001-01-01,False,FA,DRILL.FISH
FA000261,6-1/8” OD Taper Mill ,6-1/8” OD TAPER MILL,,01 TANG,WHIPSTOCK,OFS,,,,, ,,0001-01-01,,2025-12-01,False,,False,0001-01-01,False,FA,DRILL.FISH
FA000262,6-1/8” OD String Mill,6-1/8” OD STRING MILL,,01 TANG,WHIPSTOCK,OFS,,,,, ,,0001-01-01,,2025-12-01,False,,False,0001-01-01,False,FA,DRILL.FISH
FA000263,Running Tool for 7“Casing Whipstock System ,RUNNING TOOL FOR 7“CASING WHIPSTOCK SYSTEM,,01 TANG,WHIPSTOCK,OFS,,,,, ,,0001-01-01,,2025-12-01,False,,False,0001-01-01,False,FA,DRILL.FISH
FA000264,Die Collar for 7” Casing Whipstock System,DIE COLLAR FOR 7” CASING WHIPSTOCK SYSTEM,,01 TANG,WHIPSTOCK,OFS,,,,, ,,0001-01-01,,2025-12-01,False,,False,0001-01-01,False,FA,DRILL.FISH
FA000265,Retrieval Hook for 7” Casing Whipstock System,RETRIEVAL HOOK FOR 7” CASING WHIPSTOCK SYSTEM,,01 TANG,WHIPSTOCK,OFS,,,,, ,,0001-01-01,,2025-12-01,False,,False,0001-01-01,False,FA,DRILL.FISH
FA000266,False Rotary Table for 7” Casing Whipstock System,FALSE ROTARY TABLE FOR 7” CASING WHIPSTOCK SYSTEM,,01 TANG,WHIPSTOCK,OFS,,,,, ,,0001-01-01,,2025-12-01,False,,False,0001-01-01,False,FA,DRILL.FISH
FA000267,Setting Valve for 7” Casing Whipstock System complete  assy. ,SETTING VALVE FOR 7” CASING WHIPSTOCK SYSTEM COMPLETE  ASSY.,,01 TANG,WHIPSTOCK,OFS,,,,, ,,0001-01-01,,2025-12-01,False,,False,0001-01-01,False,FA,DRILL.FISH
FA000268,Ditch Magnet,DITCH MAGNET,,01 TANG,WHIPSTOCK,OFS,,,,, ,,0001-01-01,,2025-12-01,False,,False,0001-01-01,False,FA,DRILL.FISH
FA000269,S475783.8-1.5OS-NBR HPW -STATOR (B11238),S475783.8-1.5OS-NBR HPW,,01 TANG,MUD MOTOR,OFS,,,,V00050, ,,0001-01-01,4-C42029-2,2026-06-02,False,,False,0001-01-01,False,,DRILL.FISH
FA000270,R475783.8-SLD-1.375-6SA:WC-3.13HD ROTOR,R475783.8-SLD-1.375-6SA:WC-3.13HD ROTOR,,01 TANG,MUD MOTOR,OFS,,,,V00050, ,,0001-01-01,4-B02454,2026-02-19,False,,False,0001-01-01,False,FA,DRILL.FISH
FA000271,S800784.0 L3-STD-NBR HPW-STATOR (W3367),S800784.0 L3-STD-NBR HPW-STATOR (W3367),,01 TANG,MUD MOTOR,OFS,,,,V00050, ,,0001-01-01,4-C41800-1,2026-06-02,False,,False,0001-01-01,False,FA,DRILL.FISH
FA000272,R800784.0-SLD-2.125-6 SA:WC-ROTOR,R800784.0-SLD-2.125-6 SA:WC-ROTOR,,01 TANG,MUD MOTOR,OFS,,,,V00050, ,,0001-01-01,4-B02445,2026-02-19,False,,False,0001-01-01,False,FA,DRILL.FISH
FA000273,R800784.0-SLD-2.125-6 SA:WC-ROTOR,R800784.0-SLD-2.125-6 SA:WC-ROTOR,,01 TANG,MUD MOTOR,OFS,,,,V00050, ,,0001-01-01,4-B01666,2026-05-31,False,,False,0001-01-01,False,FA,DRILL.FISH
FA000274,S675785.0-1OS-NBR HPW-STATOR (R63258),S675785.0-1OS-NBR HPW-STATOR (R63258),,01 TANG,MUD MOTOR,OFS,,,,V00050, ,,0001-01-01,4-C42029-4,2026-06-02,False,,False,0001-01-01,False,FA,DRILL.FISH
FA000275,S675785.0-1OS-NBR HPW-STATOR (R63258),S675785.0-1OS-NBR HPW-STATOR (R63258),,01 TANG,MUD MOTOR,OFS,,,,V00050, ,,0001-01-01,4-C42029-5,2026-06-02,False,,False,0001-01-01,False,FA,DRILL.FISH
FA000276,S800784.0 L3-STD-NBR HPW-STATOR  (W1309),S800784.0 L3-STD-NBR HPW-STATOR  (W1309),,01 TANG,MUD MOTOR,OFS,,,,V00050, ,,0001-01-01,4-C42029-8,2026-06-02,False,,False,0001-01-01,False,FA,DRILL.FISH
FA000277,S800784.0 L3-STD-NBR HPW-STATOR (W3863),S800784.0 L3-STD-NBR HPW-STATOR (W3863),,01 TANG,MUD MOTOR,OFS,,,,V00050, ,,0001-01-01,4-C41800-5,2026-06-02,False,,False,0001-01-01,False,FA,DRILL.FISH
FA000278,S800784.0 L3-STD-NBR HPW-STATOR (W3863),S800784.0 L3-STD-NBR HPW-STATOR (W3863),,01 TANG,MUD MOTOR,OFS,,,,V00050, ,,0001-01-01,4-C41800-6,2026-06-02,False,,False,0001-01-01,False,FA,DRILL.FISH
FA000279,"Sub, Flow 4.75 OD, 2.69 ID, 42 LG, NC38 B/P - SST/APS Spec-10020 (P530 or Equiv)","SUB, FLOW 4.75 OD, 2.69 ID, 42 LG, NC38 B/P - SST/APS SPEC-10020 (P530 OR EQUIV)",,01 TANG,MWD/LWD,OFS,,,,V0049, ,,0001-01-01,,2026-03-29,False,,False,0001-01-01,False,FA,DRILL.FISH
FA000280,"8"" M40 SCREW-ON STABILIZER, 12.125 OD NON-DIR 5 BLADE","8"" M40 SCREW-ON STABILIZER, 12.125 OD NON-DIR 5 BLADE",,01 TANG,MUD MOTOR,OFS,,,,V0043, ,,0001-01-01,WZL-160-06,2026-02-25,False,,False,0001-01-01,False,FA,DRILL.FISH
FA000281,"6.75"" SCREW-ON STABILIZER 8.375"" OD-NON-DIR 5 BLADE","6.75"" SCREW-ON STABILIZER 8.375"" OD-NON-DIR 5 BLADE",,01 TANG,MUD MOTOR,OFS,,,,V0043, ,,0001-01-01,WZL-0279-001,2026-02-18,False,,False,0001-01-01,False,FA,DRILL.FISH
FA000282,"6 3/4"" MUD LUBE MOTOR ASSEMBLY ","6 3/4"" MUD LUBE MOTOR ASSEMBLY",,01 TANG,MUD MOTOR,OFS,,,,V0043, ,,0001-01-01,M7-675-0034,2026-01-08,False,,False,0001-01-01,False,FA,DRILL.FISH
FA000283,"8"" M40 SCREW-ON STABILIZER, 12.125 OD NON-DIR 5 BLADE",,,01 TANG,MUD MOTOR,OFS,,,,V0043, ,,0001-01-01,WZL-0279-005,2026-01-08,False,,False,0001-01-01,False,FA,DRILL.FISH
FA000284,"8"" M40 SCREW-ON STABILIZER, 12.125 OD NON-DIR 5 BLADE","8"" M40 SCREW-ON STABILIZER, 12.125 OD NON-DIR 5 BLADE",,01 TANG,MUD MOTOR,OFS,,,,V0043, ,,0001-01-01,WZL-0279-006,2026-01-08,False,,False,0001-01-01,False,FA,DRILL.FISH
FA000285,"8"" M40 SCREW-ON STABILIZER, 12.125 OD NON-DIR 5 BLADE","8"" M40 SCREW-ON STABILIZER, 12.125 OD NON-DIR 5 BLADE",,01 TANG,MUD MOTOR,OFS,,,,V0043, ,,0001-01-01,WZL-0279-007,2026-01-08,False,,False,0001-01-01,False,FA,DRILL.FISH
FA000286,"8"" M40 SCREW-ON STABILIZER, 12.125 OD NON-DIR 5 BLADE","8"" M40 SCREW-ON STABILIZER, 12.125 OD NON-DIR 5 BLADE",,01 TANG,MUD MOTOR,OFS,,,,V0043, ,,0001-01-01,WZL-0279-008,2026-01-08,False,,False,0001-01-01,False,FA,DRILL.FISH
FA000287,"8"" M40 SCREW-ON STABILIZER, 12.125 OD NON-DIR 5 BLADE","8"" M40 SCREW-ON STABILIZER, 12.125 OD NON-DIR 5 BLADE",,01 TANG,MUD MOTOR,OFS,,,,V0043, ,,0001-01-01,WZL-0279-009,2026-01-08,False,,False,0001-01-01,False,FA,DRILL.FISH
FA000288,"6.75"" SCREW-ON STABILIZER 8.375"" OD-NON-DIR 5 BLADE","6.75"" SCREW-ON STABILIZER 8.375"" OD-NON-DIR 5 BLADE",,01 TANG,MUD MOTOR,OFS,,,,V0043, ,,0001-01-01,WZL-0279-002,2026-01-11,False,,False,0001-01-01,False,FA,DRILL.FISH
FA000289,"6.75"" SCREW-ON STABILIZER 8.375"" OD-NON-DIR 5 BLADE","6.75"" SCREW-ON STABILIZER 8.375"" OD-NON-DIR 5 BLADE",,01 TANG,MUD MOTOR,OFS,,,,V0043, ,,0001-01-01,WZL-0279-003,2026-01-11,False,,False,0001-01-01,False,FA,DRILL.FISH
FA000290,"6.75"" SCREW-ON STABILIZER 8.375"" OD-NON-DIR 5 BLADE","6.75"" SCREW-ON STABILIZER 8.375"" OD-NON-DIR 5 BLADE",,01 TANG,MUD MOTOR,OFS,,,,V0043, ,,0001-01-01,WZL-0279-004,2026-01-11,False,,False,0001-01-01,False,FA,DRILL.FISH
FA000291,"Sub, Flow 4.75 OD, 2.69 ID, 42 LG, NC38 B/P - SST/APS Spec-10020 (P530 or Equiv)","SUB, FLOW 4.75 OD, 2.69 ID, 42 LG, NC38 B/P - SST/APS SPEC-10020 (P530 OR EQUIV)",,01 TANG,MWD/LWD,OFS,,,,V0049, ,,0001-01-01,,2026-03-29,False,,False,0001-01-01,False,FA,DRILL.FISH
FA000292,S475239.0-1OS-NBR HPW,S475239.0-1OS-NBR HPW,,01 TANG,MUD MOTOR,OFS,,,,V00050, ,,0001-01-01,4-C42335-1,2026-05-11,False,,False,0001-01-01,False,,DRILL.FISH
FA000293,R500239.0-SLD-2.750 HEAD-1.375 SA:WC,R500239.0-SLD-2.750 HEAD-1.375 SA:WC,,01 TANG,MUD MOTOR,OFS,,,,V00050, ,,0001-01-01,4-C42335-2,2026-05-11,False,,False,0001-01-01,False,,DRILL.FISH
FA000294,"8"" MOTOR WITH 8"" M40A & 8"" HYBRID FLEX, S22 ADJUSTABLE, ROTOR CATCH ASSEMBLY, FLEX TOP SUB, ","8"" MOTOR WITH 8"" M40A & 8"" HYBRID FLEX, S22 ADJUSTABLE, ROTOR CATCH ASSEMBLY, FLEX TOP SUB,",,01 TANG,MUD MOTOR,OFS,,,,V0043, ,,0001-01-01,M40-800-0051,2026-01-28,False,,False,0001-01-01,False,FA,DRILL.FISH
FA000295,"Pulser Assy G5.2, Fixed 3.44 Valve, 150-450 gpm, Fin Centralizer, 150°C, 20Kpsi ","PULSER ASSY G5.2, FIXED 3.44 VALVE, 150-450 GPM, FIN CENTRALIZER, 150°C, 20KPSI",,01 TANG,MWD/LWD,OFS,,,,V0049, ,,0001-01-01,3022,2026-03-24,False,,False,0001-01-01,False,FA,DRILL.FISH
FA000296,"Pulser Assy G4.2, Fixed 4.125 Valve, 400-800 gpm, Fin Centralizer, 150°C, 20Kpsi","PULSER ASSY G4.2, FIXED 4.125 VALVE, 400-800 GPM, FIN CENTRALIZER, 150°C, 20KPSI",,01 TANG,MWD/LWD,OFS,,,,V0049, ,,0001-01-01,2983,2026-03-24,False,,False,0001-01-01,False,FA,DRILL.FISH
FA000297,"Pulser Assy G4.2, Fixed 5.25 Valve, 400-800 gpm, Fin Centralizer, 150°C, 20Kpsi ","PULSER ASSY G4.2, FIXED 5.25 VALVE, 400-800 GPM, FIN CENTRALIZER, 150°C, 20KPSI",,01 TANG,MWD/LWD,OFS,,,,V0049, ,,0001-01-01,2722,2026-03-24,False,,False,0001-01-01,False,FA,DRILL.FISH
FA000298,"Battery Module Assy, Fin Ctrlzr, 25K (No Battery Installed","BATTERY MODULE ASSY, FIN CTRLZR, 25K (NO BATTERY INSTALLED",,01 TANG,MWD/LWD,OFS,,,,V0049, ,,0001-01-01,4054,2026-03-24,False,,False,0001-01-01,False,FA,DRILL.FISH
FA000299,"Sensor Assemby, Directional, Fin Centralizer Ready, 150°C, 20Kpsi","SENSOR ASSEMBY, DIRECTIONAL, FIN CENTRALIZER READY, 150°C, 20KPSI",,01 TANG,MWD/LWD,OFS,,,,V0049, ,,0001-01-01,1509,2026-03-24,False,,False,0001-01-01,False,FA,DRILL.FISH
FA000300,"Gamma Module Assy, Fin Centralizer Ready, 150°C, 20Kpsi","GAMMA MODULE ASSY, FIN CENTRALIZER READY, 150°C, 20KPSI",,01 TANG,MWD/LWD,OFS,,,,V0049, ,,0001-01-01,1152,2026-03-24,False,,False,0001-01-01,False,FA,DRILL.FISH
FA000301,"Surface System - Lite, SIU2, LWD with DTS, 1.0in to 1.5in drill line","SURFACE SYSTEM - LITE, SIU2, LWD WITH DTS, 1.0IN TO 1.5IN DRILL LINE",,01 TANG,MWD/LWD,OFS,,,,V0049, ,,0001-01-01,1178,2026-03-24,False,,False,0001-01-01,False,FA,DRILL.FISH
FA000302,"Kit, Laversab Rig Floor Display (RFD), wireless","KIT, LAVERSAB RIG FLOOR DISPLAY (RFD), WIRELESS",,01 TANG,MWD/LWD,OFS,,,,V0049, ,,0001-01-01,193,2026-03-24,False,,False,0001-01-01,False,FA,DRILL.FISH
FA000303,"Transport Container, MWD, 10ft (3.0m)","TRANSPORT CONTAINER, MWD, 10FT (3.0M)",,01 TANG,MWD/LWD,OFS,,,,V0049, ,,0001-01-01,APS-MWD-RNT-021,2026-03-24,False,,False,0001-01-01,False,FA,DRILL.FISH
FA000304,Fixed Mount MWD Rig Tooling Kit (All MWD Sizes except 2.50in),FIXED MOUNT MWD RIG TOOLING KIT (ALL MWD SIZES EXCEPT 2.50IN),,01 TANG,MWD/LWD,OFS,,,,V0049, ,,0001-01-01,024,2026-03-24,False,,False,0001-01-01,False,FA,DRILL.FISH
FA000305,"Sub, Flow 4.75 OD, 2.69 ID, 42 LG, NC38 B/P - SST/APS Spec- 10020 (P530 or Equiv)","SUB, FLOW 4.75 OD, 2.69 ID, 42 LG, NC38 B/P - SST/APS SPEC- 10020 (P530 OR EQUIV)",,01 TANG,MWD/LWD,OFS,,,,V0049, ,,0001-01-01,375192-05,2026-03-24,False,,False,0001-01-01,False,FA,DRILL.FISH
FA000306,"Sub, Flow 6.75 OD, 3.25 ID, 42 LG, NC50 B/P - SST/APS Spec- 10020 (P530 or Equiv)","SUB, FLOW 6.75 OD, 3.25 ID, 42 LG, NC50 B/P - SST/APS SPEC- 10020 (P530 OR EQUIV)",,01 TANG,MWD/LWD,OFS,,,,V0049, ,,0001-01-01,374661-02,2026-03-24,False,,False,0001-01-01,False,FA,DRILL.FISH
FA000307,"Sub, Flow, 8.00 OD, 3.50 ID, 42 LG, 6-5/8 REG B/P - SST/APS Spec- 10020 (P530 or Equiv)","SUB, FLOW, 8.00 OD, 3.50 ID, 42 LG, 6-5/8 REG B/P - SST/APS SPEC- 10020 (P530 OR EQUIV)",,01 TANG,MWD/LWD,OFS,,,,V0049, ,,0001-01-01,,2026-03-24,False,,False,0001-01-01,False,FA,DRILL.FISH
FA000308,"Pulser Assy G4.2, Fixed 4.125 Valve, 400-800 gpm, Fin Centralizer, 150°C, 20Kpsi","PULSER ASSY G4.2, FIXED 4.125 VALVE, 400-800 GPM, FIN CENTRALIZER, 150°C, 20KPSI",,01 TANG,MWD/LWD,OFS,,,,V0049, ,,0001-01-01,2765,2026-03-24,False,,False,0001-01-01,False,FA,DRILL.FISH
FA000309,"Pulser Assy G4.2, Fixed 5.25 Valve, 400-800 gpm, Fin Centralizer, 150°C, 20Kpsi ","PULSER ASSY G4.2, FIXED 5.25 VALVE, 400-800 GPM, FIN CENTRALIZER, 150°C, 20KPSI",,01 TANG,MWD/LWD,OFS,,,,V0049, ,,0001-01-01,2980,2026-03-24,False,,False,0001-01-01,False,FA,DRILL.FISH
FA000310,"Battery Module Assy, Fin Ctrlzr, 25K (No Battery Installed","BATTERY MODULE ASSY, FIN CTRLZR, 25K (NO BATTERY INSTALLED",,01 TANG,MWD/LWD,OFS,,,,V0049, ,,0001-01-01,4158,2026-03-24,False,,False,0001-01-01,False,FA,DRILL.FISH
FA000311,"Battery Module Assy, Fin Ctrlzr, 25K (No Battery Installed","BATTERY MODULE ASSY, FIN CTRLZR, 25K (NO BATTERY INSTALLED",,01 TANG,MWD/LWD,OFS,,,,V0049, ,,0001-01-01,4333,2026-03-24,False,,False,0001-01-01,False,FA,DRILL.FISH
FA000312,"Battery Module Assy, Fin Ctrlzr, 25K (No Battery Installed","BATTERY MODULE ASSY, FIN CTRLZR, 25K (NO BATTERY INSTALLED",,01 TANG,MWD/LWD,OFS,,,,V0049, ,,0001-01-01,942,2026-03-24,False,,False,0001-01-01,False,FA,DRILL.FISH
FA000313,"Sensor Assemby, Directional, Fin Centralizer Ready, 150°C, 20Kpsi","SENSOR ASSEMBY, DIRECTIONAL, FIN CENTRALIZER READY, 150°C, 20KPSI",,01 TANG,MWD/LWD,OFS,,,,V0049, ,,0001-01-01,1796,2026-03-24,False,,False,0001-01-01,False,FA,DRILL.FISH
FA000314,"Gamma Module Assy, Fin Centralizer Ready, 150°C, 20Kpsi","GAMMA MODULE ASSY, FIN CENTRALIZER READY, 150°C, 20KPSI",,01 TANG,MWD/LWD,OFS,,,,V0049, ,,0001-01-01,1043,2026-03-24,False,,False,0001-01-01,False,FA,DRILL.FISH
FA000315,"Surface System - Lite, SIU2, LWD with DTS, 1.0in to 1.5in drill line","SURFACE SYSTEM - LITE, SIU2, LWD WITH DTS, 1.0IN TO 1.5IN DRILL LINE",,01 TANG,MWD/LWD,OFS,,,,V0049, ,,0001-01-01,1232,2026-03-24,False,,False,0001-01-01,False,FA,DRILL.FISH
FA000316,"Software Suite, SureShot, SSCC, ADS, Plot, MMI","SOFTWARE SUITE, SURESHOT, SSCC, ADS, PLOT, MMI",,01 TANG,MUD MOTOR,OFS,,,,V0049, ,,0001-01-01,,2026-03-24,False,,False,0001-01-01,False,FA,DRILL.FISH
FA000317,"Software Suite, SureShot, SSCC, ADS, Plot, MMI","SOFTWARE SUITE, SURESHOT, SSCC, ADS, PLOT, MMI",,01 TANG,MWD/LWD,OFS,,,,V0049, ,,0001-01-01,,2026-03-24,False,,False,0001-01-01,False,FA,DRILL.FISH
FA000318,"Kit, Laversab Rig Floor Display (RFD), wireless","KIT, LAVERSAB RIG FLOOR DISPLAY (RFD), WIRELESS",,01 TANG,MWD/LWD,OFS,,,,V0049, ,,0001-01-01,207,2026-03-24,False,,False,0001-01-01,False,FA,DRILL.FISH
FA000319,"Sub, Flow 4.75 OD, 2.69 ID, 42 LG, NC38 B/P - SST/APS Spec- 10020 (P530 or Equiv)","SUB, FLOW 4.75 OD, 2.69 ID, 42 LG, NC38 B/P - SST/APS SPEC- 10020 (P530 OR EQUIV)",,01 TANG,MWD/LWD,OFS,,,,V0049, ,,0001-01-01,375192-08,2026-03-24,False,,False,0001-01-01,False,FA,DRILL.FISH
FA000320,"Sub, Flow 6.75 OD, 3.25 ID, 42 LG, NC50 B/P - SST/APS Spec- 10020 (P530 or Equiv)","SUB, FLOW 6.75 OD, 3.25 ID, 42 LG, NC50 B/P - SST/APS SPEC- 10020 (P530 OR EQUIV)",,01 TANG,MWD/LWD,OFS,,,,V0049, ,,0001-01-01,373614-2-04 ,2026-03-24,False,,False,0001-01-01,False,FA,DRILL.FISH
FA000321,"Sub, Flow, 8.00 OD, 3.50 ID, 42 LG, 6-5/8 REG B/P - SST/APS Spec- 10020 (P530 or Equiv)","SUB, FLOW, 8.00 OD, 3.50 ID, 42 LG, 6-5/8 REG B/P - SST/APS SPEC- 10020 (P530 OR EQUIV)",,01 TANG,MWD/LWD,OFS,,,,V0049, ,,0001-01-01,,2026-03-24,False,,False,0001-01-01,False,FA,DRILL.FISH
FA000322,"CPO - 4 3/4"" HYDRAULIC JAR, DOUBLE ACTING, STANDARD SEALS, 3 1/2 IF CONNECTIONS","CPO - 4 3/4"" HYDRAULIC JAR, DOUBLE ACTING, STANDARD SEALS, 3 1/2 IF CONNECTIONS",,01 TANG,JARS,OFS,,,,V0043, ,,0001-01-01,BDA25523,2026-03-24,False,,False,0001-01-01,False,FA,DRILL.FISH
FA000323,"CPO - 6 1/2"" HYDRAULIC JAR, DOUBLE ACTING, STANDARD SEALS, 4 1/2 IF CONNECTIONS","CPO - 6 1/2"" HYDRAULIC JAR, DOUBLE ACTING, STANDARD SEALS, 4 1/2 IF CONNECTIONS",,01 TANG,JARS,OFS,,,,V0043, ,,0001-01-01,BD20874,2026-03-24,False,,False,0001-01-01,False,FA,DRILL.FISH
FA000324,"8"" DOUBLE ACTING HYDRAULIC JAR, Nickel CHROME ID COATING, STANDARD SEALS, 6 5/8 REG BB/SRG CONNECTIO","8"" DOUBLE ACTING HYDRAULIC JAR, NICKEL CHROME ID COATING, STANDARD SEALS, 6 5/8 REG BB/SRG CONNECTIO",,01 TANG,JARS,OFS,,,,V0043, ,,0001-01-01,HJDA800-0076,2026-02-14,False,,False,0001-01-01,False,FA,DRILL.FISH
FA000325,"6 1/2"" SERIES 6 SHOCK TOOL, Nickel CHROME ID COATING, STANDARD SEALS, 4 1/2 IF BB/SRG CONNECTIONS","6 1/2"" SERIES 6 SHOCK TOOL, NICKEL CHROME ID COATING, STANDARD SEALS, 4 1/2 IF BB/SRG CONNECTIONS",,01 TANG,SHOCK SUBS,OFS,,,,V0043, ,,0001-01-01,ST650-0021,2026-02-14,False,,False,0001-01-01,False,FA,DRILL.FISH
FA000326,"8"" SERIES 7 SHOCK TOOL, Nickel CHROME ID COATING, STANDARD SEALS, 6 5/8 REG BB/SRG CONNECTIONS","8"" SERIES 7 SHOCK TOOL, NICKEL CHROME ID COATING, STANDARD SEALS, 6 5/8 REG BB/SRG CONNECTIONS",,01 TANG,SHOCK SUBS,OFS,,,,V0043, ,,0001-01-01,ST800-0060,2026-02-14,False,,False,0001-01-01,False,FA,DRILL.FISH
FA000327,S475783.8-1.5OS-NBR HPW STATOR (R62843),S475783.8-1.5OS-NBR HPW STATOR (R62843),,01 TANG,MUD MOTOR,OFS,,,,V00050, ,,0001-01-01,4-C42220-1,2026-06-02,False,,False,0001-01-01,False,FA,DRILL.FISH
FA000328,S475783.8-1.5OS-NBR HPW STATOR (R62843),S475783.8-1.5OS-NBR HPW STATOR (R62843),,01 TANG,MUD MOTOR,OFS,,,,V00050, ,,0001-01-01,4-C42220-2,2026-06-02,False,,False,0001-01-01,False,FA,DRILL.FISH
FA000329,"2.875"" Motor Fixed Bent Housing","2.875"" MOTOR FIXED BENT HOUSING",,01 TANG,MUD MOTOR,OFS,,,,V01450, ,,0001-01-01,,2026-05-11,False,,False,0001-01-01,False,,DRILL.FISH
FA000330,"3.125"" Motor Fixed Bent Housing","3.125"" MOTOR FIXED BENT HOUSING",,01 TANG,MUD MOTOR,OFS,,,,V01450, ,,0001-01-01,,2026-05-11,False,,False,0001-01-01,False,,DRILL.FISH
FA000331,"3.125"" Rapid Thru Tubing Jar Hydraulic Jar, 2-3/8"" REG PXB Std","3.125"" RAPID THRU TUBING JAR HYDRAULIC JAR, 2-3/8"" REG PXB STD",,01 TANG,JARS,OFS,,,,V01450, ,,0001-01-01,HJ318-013,2026-05-11,False,,False,0001-01-01,False,,DRILL.FISH
FA000332,R475783.8-SLD-1.375-6SA:WC-3.13HD ROTOR,R475783.8-SLD-1.375-6SA:WC-3.13HD ROTOR,,01 TANG,MUD MOTOR,OFS,,,,V00050, ,,0001-01-01,4-C42220-3,2026-03-06,False,,False,0001-01-01,False,FA,DRILL.FISH
FA000333,R475783.8-SLD-1.375-6SA:WC-3.13HD ROTOR,R475783.8-SLD-1.375-6SA:WC-3.13HD ROTOR,,01 TANG,MUD MOTOR,OFS,,,,V00050, ,,0001-01-01,4-C42220-4,2026-03-06,False,,False,0001-01-01,False,FA,DRILL.FISH
FA000334,S675785.0-1OS-NBR HPW STATOR  (R63258),S675785.0-1OS-NBR HPW STATOR  (R63258),,01 TANG,MUD MOTOR,OFS,,,,V00050, ,,0001-01-01,4-C42220-6,2026-06-02,False,,False,0001-01-01,False,FA,DRILL.FISH
FA000335,S675785.0-1OS-NBR HPW STATOR  (R63258),S675785.0-1OS-NBR HPW STATOR  (R63258),,01 TANG,MUD MOTOR,OFS,,,,V00050, ,,0001-01-01,4-C42220-7,2026-06-02,False,,False,0001-01-01,False,FA,DRILL.FISH
FA000336,S675785.0-1OS-NBR HPW STATOR  (R63258),S675785.0-1OS-NBR HPW STATOR  (R63258),,01 TANG,MUD MOTOR,OFS,,,,V00050, ,,0001-01-01,4-C42220-5,2026-06-02,False,,False,0001-01-01,False,FA,DRILL.FISH
FA000337,R675785.0-SLD-1.375-6 SA:WC ROTOR,R675785.0-SLD-1.375-6 SA:WC ROTOR,,01 TANG,MUD MOTOR,OFS,,,,V00050, ,,0001-01-01,4-B02695,2026-03-06,False,,False,0001-01-01,False,FA,DRILL.FISH
FA000338,R675785.0-SLD-1.375-6 SA:WC ROTOR,R675785.0-SLD-1.375-6 SA:WC ROTOR,,01 TANG,MUD MOTOR,OFS,,,,V00050, ,,0001-01-01,4-B02696,2026-03-06,False,,False,0001-01-01,False,FA,DRILL.FISH
FA000339,R675785.0-SLD-1.375-6 SA:WC ROTOR,R675785.0-SLD-1.375-6 SA:WC ROTOR,,01 TANG,MUD MOTOR,OFS,,,,V00050, ,,0001-01-01,4-B02697,2026-03-06,False,,False,0001-01-01,False,FA,DRILL.FISH
FA000340,S800784.0 L3-STD-NBR HPW STATOR (W3367),S800784.0 L3-STD-NBR HPW STATOR (W3367),,01 TANG,MUD MOTOR,OFS,,,,V00050, ,,0001-01-01,4-C42220-11,2026-06-02,False,,False,0001-01-01,False,FA,DRILL.FISH
FA000341,S800784.0 L3-STD-NBR HPW STATOR (W3367),S800784.0 L3-STD-NBR HPW STATOR (W3367),,01 TANG,MUD MOTOR,OFS,,,,V00050, ,,0001-01-01,4-C42220-12,2026-06-02,False,,False,0001-01-01,False,FA,DRILL.FISH
FA000342,S800784.0 L3-STD-NBR HPW STATOR (W3367),S800784.0 L3-STD-NBR HPW STATOR (W3367),,01 TANG,MUD MOTOR,OFS,,,,V00050, ,,0001-01-01,4-C42220-13,2026-06-02,False,,False,0001-01-01,False,FA,DRILL.FISH
FA000343,R800784.0-SLD-2.125-6 SA:WC ROTOR,R800784.0-SLD-2.125-6 SA:WC ROTOR,,01 TANG,MUD MOTOR,OFS,,,,V00050, ,,0001-01-01,4-C42220-14,2026-03-06,False,,False,0001-01-01,False,FA,DRILL.FISH
FA000344,R800784.0-SLD-2.125-6 SA:WC ROTOR,R800784.0-SLD-2.125-6 SA:WC ROTOR,,01 TANG,MUD MOTOR,OFS,,,,V00050, ,,0001-01-01,4-C42220-15,2026-03-06,False,,False,0001-01-01,False,FA,DRILL.FISH
FA000345,R800784.0-SLD-2.125-6 SA:WC ROTOR,R800784.0-SLD-2.125-6 SA:WC ROTOR,,01 TANG,MUD MOTOR,OFS,,,,V00050, ,,0001-01-01,4-C42220-16,2026-03-06,False,,False,0001-01-01,False,FA,DRILL.FISH
FA000346,S962785.7-STD-NBR HPW STATOR (X6417),S962785.7-STD-NBR HPW STATOR (X6417),,01 TANG,MUD MOTOR,OFS,,,,V00050, ,,0001-01-01,4-C42220-17,2026-06-02,False,,False,0001-01-01,False,FA,DRILL.FISH
FA000347,S962785.7-STD-NBR HPW STATOR (X6417),S962785.7-STD-NBR HPW STATOR (X6417),,01 TANG,MUD MOTOR,OFS,,,,V00050, ,,0001-01-01,4-C42220-18,2026-06-02,False,,False,0001-01-01,False,FA,DRILL.FISH
FA000348,S962785.7-STD-NBR HPW STATOR (X6417),S962785.7-STD-NBR HPW STATOR (X6417),,01 TANG,MUD MOTOR,OFS,,,,V00050, ,,0001-01-01,4-C42220-19,2026-06-02,False,,False,0001-01-01,False,FA,DRILL.FISH
FA000349,R962785.7-SLD-2.125 SA:WC ROTOR,R962785.7-SLD-2.125 SA:WC ROTOR,,01 TANG,MUD MOTOR,OFS,,,,V00050, ,,0001-01-01,4-C42220-20,2026-03-06,False,,False,0001-01-01,False,FA,DRILL.FISH
FA000350,R962785.7-SLD-2.125 SA:WC ROTOR,R962785.7-SLD-2.125 SA:WC ROTOR,,01 TANG,MUD MOTOR,OFS,,,,V00050, ,,0001-01-01,4-C42220-21,2026-03-06,False,,False,0001-01-01,False,FA,DRILL.FISH
FA000351,R962785.7-SLD-2.125 SA:WC ROTOR,R962785.7-SLD-2.125 SA:WC ROTOR,,01 TANG,MUD MOTOR,OFS,,,,V00050, ,,0001-01-01,4-C42220-22,2026-03-06,False,,False,0001-01-01,False,FA,DRILL.FISH
FA000352,"SS650, 6-1/2"" SHOCK SUB, 4.5IF BOX X PIN","SS650, 6-1/2"" SHOCK SUB, 4.5IF BOX X PIN",,01 TANG,SHOCK SUBS,OFS,,,,V00760, ,,0001-01-01,OSC106770A,2026-02-16,False,,False,0001-01-01,False,FA,DRILL.FISH
FA000353,"SS800, 8"" SHOCK SUB, 6.6 REG BOX X PIN","SS800, 8"" SHOCK SUB, 6.6 REG BOX X PIN",,01 TANG,SHOCK SUBS,OFS,,,,V00760, ,,0001-01-01,OSC105432A,2026-03-06,False,,False,0001-01-01,False,FA,DRILL.FISH
FA000354,"COMPLETE PACKER RUNNING/SETTING TOOL  # 9 5/8'' X 7"" ","COMPLETE PACKER SETTING TOOL  # 9 5/8'' X 7""",,01 TANG,COMPLETION,OFS,,,,V01440, ,,0001-01-01,,2026-05-11,False,,False,0001-01-01,False,,DRILL.FISH
FA000355,"COMPLETE PACKER RUNNING/SETTING TOOL  # 9 5/8'' X 7"" ","COMPLETE PACKER SETTING TOOL  # 9 5/8'' X 7""",,01 TANG,COMPLETION,OFS,,,,V01440, ,,0001-01-01,,2026-05-11,False,,False,0001-01-01,False,,DRILL.FISH
FA000356,"8-1/4"" KC-210RS.810 Circulating valve","8-1/4"" KC-210RS.810 CIRCULATING VALVE",,01 TANG,MUD MOTOR,OFS,,,,V01310, ,,0001-01-01,,2026-03-06,False,,False,0001-01-01,False,FA,DRILL.FISH
FA000357,"8-1/4"" KC-210RS.810 Circulating valve","8-1/4"" KC-210RS.810 CIRCULATING VALVE",,01 TANG,MUD MOTOR,OFS,,,,V01310, ,,0001-01-01,,2026-03-06,False,,False,0001-01-01,False,FA,DRILL.FISH
FA000358,"6 3/4"" MUD LUBE MOTOR ASSEMBLY WITH 6 1/2"" WK3 Driveline AND S22 Adjustable Assembly Only  ","6 3/4"" MUD LUBE MOTOR ASSEMBLY WITH 6 1/2"" WK3 DRIVELINE AND S22 ADJUSTABLE ASSEMBLY ONLY",,01 TANG,MUD MOTOR,OFS,,,,V0043, ,,0001-01-01,M7-675-0033,2026-03-06,False,,False,0001-01-01,False,FA,DRILL.FISH
FA000359,"4 3/4"" M7D MUD LUBE BEARING ASSEMBLY","4 3/4"" M7D MUD LUBE BEARING ASSEMBLY",,01 TANG,MUD MOTOR,OFS,,,,V0043, ,,0001-01-01,M47-M7-0008,2026-02-15,False,,False,0001-01-01,False,FA,DRILL.FISH
FA000360,5 TON MONORAIL CRANE SYSTEM,5 TON MONORAIL CRANE SYSTEM,,01 TANG,MACHEQ,OFS,,,,V00670, ,,0001-01-01,,2026-03-06,False,,False,0001-01-01,False,FA,MACHINERY
FA000361,"SS800, 8"" SHOCK SUB, 6.6 REG BOX X PIN","SS800, 8"" SHOCK SUB, 6.6 REG BOX X PIN",,01 TANG,SHOCK SUBS,OFS,,,,V00760, ,,0001-01-01,OSC104360A,2026-03-06,False,,False,0001-01-01,False,FA,DRILL.FISH
FA000362,"SS800, 8"" SHOCK SUB, 6.6 REG BOX X PIN","SS800, 8"" SHOCK SUB, 6.6 REG BOX X PIN",,01 TANG,SHOCK SUBS,OFS,,,,V00760, ,,0001-01-01,OSC105431A,2026-03-06,False,,False,0001-01-01,False,FA,DRILL.FISH
FA000363,"SS650, 6-1/2"" SHOCK SUB, 4.5IF BOX X PIN","SS650, 6-1/2"" SHOCK SUB, 4.5IF BOX X PIN",,01 TANG,SHOCK SUBS,OFS,,,,V00760, ,,0001-01-01,OSC104381A,2026-03-06,False,,False,0001-01-01,False,FA,DRILL.FISH
FA000364,"SS650, 6-1/2"" SHOCK SUB, 4.5IF BOX X PIN","SS650, 6-1/2"" SHOCK SUB, 4.5IF BOX X PIN",,01 TANG,SHOCK SUBS,OFS,,,,V00760, ,,0001-01-01,OSC104382A,2026-03-06,False,,False,0001-01-01,False,FA,DRILL.FISH
FA000365,"4 3/4"" Mud Lubed Lower End + Top Sub Only","4 3/4"" MUD LUBED LOWER END + TOP SUB ONLY",,01 TANG,MUD MOTOR,OFS,,,,V0043, ,,0001-01-01,,2026-06-12,False,,False,0001-01-01,False,FA,DRILL.FISH
FA000366,"6 3/4"" Mud Lubed Lower End + Top Sub Only","6 3/4"" MUD LUBED LOWER END + TOP SUB ONLY",,01 TANG,MUD MOTOR,OFS,,,,V0043, ,,0001-01-01,,2026-06-12,False,,False,0001-01-01,False,FA,DRILL.FISH
FA000367,"8"" Mud Lubed Lower End + Top Sub Only","8"" MUD LUBED LOWER END + TOP SUB ONLY",,01 TANG,MUD MOTOR,OFS,,,,V0043, ,,0001-01-01,,2026-03-07,False,,False,0001-01-01,False,FA,DRILL.FISH
FA000368,"8"" Mud Lubed Lower End + Top Sub Only","8"" MUD LUBED LOWER END + TOP SUB ONLY",,01 TANG,MUD MOTOR,OFS,,,,V0043, ,,0001-01-01,,2026-03-07,False,,False,0001-01-01,False,FA,DRILL.FISH
FA000369,"2.875"" Mud Lubricated Motor Bearing & Drive Assembly Bearing Section Rotor Catch Sub + Bolt","2.875"" MUD LUBRICATED MOTOR BEARING & DRIVE ASSEMBLY BEARING SECTION ROTOR CATCH SUB + BOLT",,01 TANG,MUD MOTOR,OFS,,,,V01450, ,,0001-01-01,,2026-05-11,False,,False,0001-01-01,False,,DRILL.FISH
FA000370,"2.875"" Mud Lubricated Motor Bearing & Drive Assembly Bearing Section Rotor Catch Sub + Bolt","2.875"" MUD LUBRICATED MOTOR BEARING & DRIVE ASSEMBLY BEARING SECTION ROTOR CATCH SUB + BOLT",,01 TANG,MUD MOTOR,,,,,V01450, ,,0001-01-01,,2026-04-12,False,,False,0001-01-01,False,,DRILL.FISH
FA000371,"3.125"" Mud Lubricated Motor Bearing & Drive Assembly Bearing Section Rotor Catch Sub + Bolt","3.125"" MUD LUBRICATED MOTOR BEARING & DRIVE ASSEMBLY BEARING SECTION ROTOR CATCH SUB + BOLT",,01 TANG,MUD MOTOR,OFS,,,,V01450, ,,0001-01-01,,2026-05-11,False,,False,0001-01-01,False,,DRILL.FISH
FA000372,"3.125"" Mud Lubricated Motor Bearing & Drive Assembly Bearing Section Rotor Catch Sub + Bolt","3.125"" MUD LUBRICATED MOTOR BEARING & DRIVE ASSEMBLY BEARING SECTION ROTOR CATCH SUB + BOLT",,01 TANG,MUD MOTOR,OFS,,,,V01450, ,,0001-01-01,,2026-05-11,False,,False,0001-01-01,False,,DRILL.FISH
FA000373,"4 3/4"" Slick Sleeve","4 3/4"" SLICK SLEEVE",,01 TANG,MUD MOTOR,OFS,,,,V0043, ,,0001-01-01,11227802,2026-03-24,False,,False,0001-01-01,False,FA,DRILL.FISH
FA000374,"4 3/4"" Slick Sleeve","4 3/4"" SLICK SLEEVE",,01 TANG,MUD MOTOR,OFS,,,,V0043, ,,0001-01-01,11227803,2026-03-24,False,,False,0001-01-01,False,FA,DRILL.FISH
FA000375,"17-1/4"" SPIRAL SCREW STABILIZER","17-1/4"" SPIRAL SCREW STABILIZER",,01 TANG,MUD MOTOR,OFS,,,,V0043, ,,0001-01-01,WZI-160-02,2026-03-07,False,,False,0001-01-01,False,FA,DRILL.FISH
FA000376,"12 1/8"" SPIRAL SCREW STABILIZER","12 1/8"" SPIRAL SCREW STABILIZER",,01 TANG,MUD MOTOR,OFS,,,,V0043, ,,0001-01-01,WZL-160-04,2026-03-07,False,,False,0001-01-01,False,FA,DRILL.FISH
FA000377,"17-1/4"" SPIRAL SCREW STABILIZER","17-1/4"" SPIRAL SCREW STABILIZER",,01 TANG,MUD MOTOR,OFS,,,,V0043, ,,0001-01-01,WZL-160-01,2026-03-07,False,,False,0001-01-01,False,FA,DRILL.FISH
FA000378,"8.375"" OD Straight Blade Sleeve Stabilizer for 6.75"" Drilling Motor","8.375"" OD STRAIGHT BLADE SLEEVE STABILIZER FOR 6.75"" DRILLING MOTOR",,01 TANG,MUD MOTOR,OFS,,,,V0043, ,,0001-01-01,WZL-0196-002,2026-03-24,False,,False,0001-01-01,False,FA,DRILL.FISH
FA000379,"6"" OD Straight Blade Sleeve Stabilizer for 4.75"" Drilling Motor","6"" OD STRAIGHT BLADE SLEEVE STABILIZER FOR 4.75"" DRILLING MOTOR",,01 TANG,MUD MOTOR,OFS,,,,V0043, ,,0001-01-01,WZL-0231-006,2026-03-24,False,,False,0001-01-01,False,FA,DRILL.FISH
FA000380,"8 "" Slick Sleeve","8 "" SLICK SLEEVE",,01 TANG,MUD MOTOR,OFS,,,,V0043, ,,0001-01-01,11441601,2026-03-07,False,,False,0001-01-01,False,FA,DRILL.FISH
FA000381,"8 "" Slick Sleeve","8 "" SLICK SLEEVE",,01 TANG,MUD MOTOR,OFS,,,,V0043, ,,0001-01-01,11441602,2026-03-07,False,,False,0001-01-01,False,FA,DRILL.FISH
FA000382,"8"" M40 SCREW-ON STABILIZER, 12.125 OD NON-DIR 5 BLADE","8"" M40 SCREW-ON STABILIZER, 12.125 OD NON-DIR 5 BLADE",,01 TANG,MUD MOTOR,OFS,,,,V0043, ,,0001-01-01,H95-10-036,2026-03-07,False,,False,0001-01-01,False,FA,DRILL.FISH
FA000383,"6 3/4"" Slick Sleeve","6 3/4"" SLICK SLEEVE",,01 TANG,MUD MOTOR,OFS,,,,V0043, ,,0001-01-01,10785303,2026-03-24,False,,False,0001-01-01,False,FA,DRILL.FISH
FA000384,LATHE MACHINE,LATHE MACHINE,,01 TANG,MACHEQ,OFS,,,,V01350, ,,0001-01-01,4183,2026-03-07,False,,False,0001-01-01,False,FA,MACHINERY
FA000385,WELDING MACHINE,WELDING MACHINE,,01 TANG,MACHEQ,OFS,,,,V01350, ,,0001-01-01,13291734,2026-03-07,False,,False,0001-01-01,False,FA,MACHINERY
FA000386,Grinding Machine,GRINDING MACHINE,,01 TANG,MACHEQ,OFS,,,,V01350, ,,0001-01-01,260319,2026-03-07,False,,False,0001-01-01,False,FA,MACHINERY
FA000387,Drilling Machine,DRILLING MACHINE,,01 TANG,MACHEQ,OFS,,,,V01350, ,,0001-01-01,111480,2026-03-07,False,,False,0001-01-01,False,FA,MACHINERY
FA000388,Knife Sharpener Machine,KNIFE SHARPENER MACHINE,,01 TANG,MACHEQ,OFS,,,,V01350, ,,0001-01-01,2210210021,2026-03-07,False,,False,0001-01-01,False,FA,MACHINERY
FA000389,Cutting Machine,CUTTING MACHINE,,01 TANG,MACHEQ,OFS,,,,V01350, ,,0001-01-01,LDC101FA,2026-03-24,False,,False,0001-01-01,False,FA,MACHINERY
FA000390,Cutting Machine,CUTTING MACHINE,,01 TANG,MACHEQ,OFS,,,,V01350, ,,0001-01-01,LDC102FA,2026-03-07,False,,False,0001-01-01,False,FA,MACHINERY
FA000391,"8.375"" OD Straight Blade Sleeve Stabilizer for 6.75"" Drilling Motor","8.375"" OD STRAIGHT BLADE SLEEVE STABILIZER FOR 6.75"" DRILLING MOTOR",,01 TANG,MUD MOTOR,OFS,,,,V0043, ,,0001-01-01,WZL-0231-004,2026-03-15,False,,False,0001-01-01,False,FA,DRILL.FISH
FA000392,GYRO TRACER DIRECTIONAL KIT,GYRO TRACER DIRECTIONAL KIT,,01 TANG,GYRO,OFS,,,,V00770, ,,0001-01-01,2353 TLM 2033,2026-03-07,False,,False,0001-01-01,False,FA,DRILL.FISH
FA000393,"9 5/8"" Slick Sleeve","9 5/8"" SLICK SLEEVE",,01 TANG,MUD MOTOR,,,,,V0043, ,,0001-01-01,9522906,2026-03-24,False,,False,0001-01-01,False,FA,DRILL.FISH
FA000394,S675785.0-1OS-NBR HPW-,S675785.0-1OS-NBR HPW-,,01 TANG,MUD MOTOR,OFS,,,,V00050, ,,0001-01-01,4-C42336-1,2026-05-11,False,,False,0001-01-01,False,FA,DRILL.FISH
FA000395,S675785.0-1OS-NBR HPW-,S675785.0-1OS-NBR HPW-,,01 TANG,MUD MOTOR,OFS,,,,V00050, ,,0001-01-01,4-C42336-2,2026-05-11,False,,False,0001-01-01,False,FA,DRILL.FISH
FA000396,S675785.0-1OS-NBR HPW-,S675785.0-1OS-NBR HPW-,,01 TANG,MUD MOTOR,OFS,,,,V00050, ,,0001-01-01,4-C42336-3,2026-05-11,False,,False,0001-01-01,False,FA,DRILL.FISH
FA000397,S675785.0-1OS-NBR HPW-,S675785.0-1OS-NBR HPW-,,01 TANG,MUD MOTOR,OFS,,,,V00050, ,,0001-01-01,4-C42336-4,2026-05-11,False,,False,0001-01-01,False,FA,DRILL.FISH
FA000398,Bearing Assembly Superhawk High Pull,BEARING ASSEMBLY SUPERHAWK HIGH PULL,,01 TANG,MUD MOTOR,OFS,,,,V01480, ,,0001-01-01,,2026-05-11,False,,False,0001-01-01,False,FA,DRILL.FISH
FA000399,"RAPTR-X DUAL MILL 7"" CSG (6.000 GAGE DIA) STD, NC38 BOX CONN. RAPTR-X, HYDRAULIC RUNNING TOOL","RAPTR-X DUAL MILL 7"" CSG (6.000 GAGE DIA) STD, NC38 BOX CONN. RAPTR-X, HYDRAULIC RUNNING TOOL",,01 TANG,WHIPSTOCK,OFS,,,,V01490, ,,0001-01-01,,2026-05-11,False,,False,0001-01-01,False,FA,DRILL.FISH
FA000400,"RAPTR-X DUAL MILL 7"" CSG (6.000 GAGE DIA) STD, NC38 BOX CONN. RAPTR-X, HYDRAULIC RUNNING TOOL","RAPTR-X DUAL MILL 7"" CSG (6.000 GAGE DIA) STD, NC38 BOX CONN. RAPTR-X, HYDRAULIC RUNNING TOOL",,01 TANG,WHIPSTOCK,OFS,,,,V01490, ,,0001-01-01,,2026-05-11,False,,False,0001-01-01,False,FA,DRILL.FISH
FA000401,"RAPTR-X WINDOW MILL, 6.000'' OD NC38 BOX","RAPTR-X WINDOW MILL, 6.000'' OD NC38 BOX",,01 TANG,WHIPSTOCK,OFS,,,,V01490, ,,0001-01-01,,2026-05-11,False,,False,0001-01-01,False,FA,DRILL.FISH
FA000402,RAPTR-X WATERMELON MILL 6.000'' OD NC50 BOX-PIN,RAPTR-X WATERMELON MILL 6.000'' OD NC50 BOX-PIN,,01 TANG,WHIPSTOCK,OFS,,,,V01490, ,,0001-01-01,,2026-05-11,False,,False,0001-01-01,False,FA,DRILL.FISH
FA000403,RAPTR-X WATERMELON MILL 6.000'' OD NC50 BOX-PIN,RAPTR-X WATERMELON MILL 6.000'' OD NC50 BOX-PIN,,01 TANG,WHIPSTOCK,OFS,,,,V01490, ,,0001-01-01,,2026-05-11,False,,False,0001-01-01,False,FA,DRILL.FISH
FA000404,"8"" M40 SCREW-ON STABILIZER, 12.125 OD NON-DIR 5 BLADE 3x5.7 PAD","8"" M40 SCREW-ON STABILIZER, 12.125 OD NON-DIR 5 BLADE 3X5.7 PAD",,01 TANG,MUD MOTOR,OFS,,,,V0043, ,,0001-01-01,,2026-05-11,False,,False,0001-01-01,False,FA,DRILL.FISH
FA000405,"8"" M40 SCREW-ON STABILIZER, 12.125 OD NON-DIR 5 BLADE 3x5.7 PAD","8"" M40 SCREW-ON STABILIZER, 12.125 OD NON-DIR 5 BLADE 3X5.7 PAD",,01 TANG,MUD MOTOR,OFS,,,,V0043, ,,0001-01-01,,2026-05-11,False,,False,0001-01-01,False,FA,DRILL.FISH
FA000406,"6.75"" SCREW-ON STABILIZER 8.375"" OD NON-DIR 5 BLADE","6.75"" SCREW-ON STABILIZER 8.375"" OD NON-DIR 5 BLADE",,01 TANG,MUD MOTOR,OFS,,,,V0043, ,,0001-01-01,,2026-05-14,False,,False,0001-01-01,False,FA,DRILL.FISH
FA000407,"6.75"" SCREW-ON STABILIZER 8.375"" OD NON-DIR 5 BLADE","6.75"" SCREW-ON STABILIZER 8.375"" OD NON-DIR 5 BLADE",,01 TANG,MUD MOTOR,OFS,,,,V0043, ,,0001-01-01,,2026-05-14,False,,False,0001-01-01,False,FA,DRILL.FISH
FA000408,"6.75"" SCREW-ON STABILIZER 8.375"" OD NON-DIR 5 BLADE","6.75"" SCREW-ON STABILIZER 8.375"" OD NON-DIR 5 BLADE",,01 TANG,MUD MOTOR,OFS,,,,V0043, ,,0001-01-01,,2026-05-14,False,,False,0001-01-01,False,FA,DRILL.FISH
FA000409,2-7/8” 9/10 1.4 STATOR ,2-7/8” 9/10 1.4 STATOR,,01 TANG,MUD MOTOR,OFS,,,,V01530, ,,0001-01-01,,2026-05-25,False,,False,0001-01-01,False,FA,DRILL.FISH
FA000410,2-7/8” 9/10 1.4 STATOR ,2-7/8” 9/10 1.4 STATOR,,01 TANG,MUD MOTOR,OFS,,,,V01530, ,,0001-01-01,,2026-05-25,False,,False,0001-01-01,False,FA,DRILL.FISH
FA000411,2-7/8” 9/10 1.4 ROTOR,2-7/8” 9/10 1.4 ROTOR,,01 TANG,MUD MOTOR,OFS,,,,V01530, ,,0001-01-01,,2026-05-25,False,,False,0001-01-01,False,FA,DRILL.FISH
FA000412,2-7/8” 9/10 1.4 ROTOR,2-7/8” 9/10 1.4 ROTOR,,01 TANG,MUD MOTOR,OFS,,,,V01530, ,,0001-01-01,,2026-05-25,False,,False,0001-01-01,False,FA,DRILL.FISH
FA000413,3-1/8” 9/10 2.1 STATOR ,3-1/8” 9/10 2.1 STATOR,,01 TANG,MUD MOTOR,OFS,,,,V01530, ,,0001-01-01,,2026-05-25,False,,False,0001-01-01,False,FA,DRILL.FISH
FA000414,3-1/8” 9/10 2.1 ROTOR,3-1/8” 9/10 2.1 ROTOR,,01 TANG,MUD MOTOR,OFS,,,,V01530, ,,0001-01-01,,2026-05-25,False,,False,0001-01-01,False,FA,DRILL.FISH
FA000415,R287673.1-SLD-1.125-8 SA:CHROME-1.90 HD MATERIAL: RTR CHROME SOLID,R287673.1-SLD-1.125-8 SA:CHROME-1.90 HD MATERIAL: RTR CHROME SOLID,,01 TANG,MUD MOTOR,OFS,,,,V00050, ,,0001-01-01,,2026-05-25,False,,False,0001-01-01,False,FA,DRILL.FISH
FA000416,R287673.1-SLD-1.125-8 SA:CHROME-1.90 HD MATERIAL: RTR CHROME SOLID,R287673.1-SLD-1.125-8 SA:CHROME-1.90 HD MATERIAL: RTR CHROME SOLID,,01 TANG,MUD MOTOR,OFS,,,,V00050, ,,0001-01-01,,2026-05-25,False,,False,0001-01-01,False,FA,DRILL.FISH
FA000417,S287673.1-1OS-NBR HPX MATERIAL: STR HP,S287673.1-1OS-NBR HPX MATERIAL: STR HP,,01 TANG,MUD MOTOR,OFS,,,,V00050, ,,0001-01-01,,2026-05-25,False,,False,0001-01-01,False,FA,DRILL.FISH
FA000418,S287673.1-1OS-NBR HPX MATERIAL: STR HP,S287673.1-1OS-NBR HPX MATERIAL: STR HP,,01 TANG,MUD MOTOR,OFS,,,,V00050, ,,0001-01-01,,0001-01-01,False,,False,0001-01-01,False,FA,DRILL.FISH
FA000419,R312782.5-SLD-BLANK: MATERIAL: RTR CHROME SOLID,R312782.5-SLD-BLANK: MATERIAL: RTR CHROME SOLID,,01 TANG,MUD MOTOR,OFS,,,,V00050, ,,0001-01-01,,2026-05-25,False,,False,0001-01-01,False,FA,DRILL.FISH
FA000420,R312782.5-SLD-BLANK: MATERIAL: RTR CHROME SOLID,R312782.5-SLD-BLANK: MATERIAL: RTR CHROME SOLID,,01 TANG,MUD MOTOR,OFS,,,,V00050, ,,0001-01-01,,0001-01-01,False,,False,0001-01-01,False,FA,DRILL.FISH
FA000421,S312782.5-1OS-NBR-HPX MATERIAL: STR HP,S312782.5-1OS-NBR-HPX MATERIAL: STR HP,,01 TANG,MUD MOTOR,OFS,,,,V00050, ,,0001-01-01,,2026-05-25,False,,False,0001-01-01,False,FA,DRILL.FISH
FA000422,S312782.5-1OS-NBR-HPX MATERIAL: STR HP,S312782.5-1OS-NBR-HPX MATERIAL: STR HP,,01 TANG,MUD MOTOR,OFS,,,,V00050, ,,0001-01-01,,0001-01-01,False,,False,0001-01-01,False,FA,DRILL.FISH
FA000423,S962785.7-STD-NBR HPW STATOR  (R60381),S962785.7-STD-NBR HPW STATOR  (R60381),,01 TANG,MUD MOTOR,OFS,,,,V00050, ,,0001-01-01,4-C41800-7,2026-06-09,False,,False,0001-01-01,False,FA,DRILL.FISH
FA000425,Skid Mounted W-440 Mud Pump Unit; ,SKID MOUNTED W-440 MUD PUMP UNIT;,,01 TANG,MACHEQ,OFS,,,,V01550, ,,0001-01-01,,2026-06-09,False,,False,0001-01-01,False,FA,MACHINERY
FA000426,Konica Minolta Bizhub C458 High-performance Multifunctional Printer (MFP),KONICA MINOLTA BIZHUB C458 HIGH-PERFORMANCE MULTIFUNCTIONAL PRINTER (MFP),,01 TANG,COMPPER,,,,,V0016, ,,0001-01-01,A79M011052441,2026-06-21,False,,False,0001-01-01,False,FA,COMPUTER
FA000427,"4.75"" SCREW-ON STABILIZER 5.875"" OD - NON-DIR 5 BLADE","4.75"" SCREW-ON STABILIZER 5.875"" OD - NON-DIR 5 BLADE",,01 TANG,MUD MOTOR,OFS,,,,V0043, ,,0001-01-01,,2026-06-22,False,,False,0001-01-01,False,FA,DRILL.FISH
FA000428,"9 1/2"" SCREW-ON STABILIZER 23.75"" OD - NON-DIR 5 BLADE","9 1/2"" SCREW-ON STABILIZER 23.75"" OD - NON-DIR 5 BLADE",,01 TANG,MUD MOTOR,OFS,,,,V0043, ,,0001-01-01,,2026-06-22,False,,False,0001-01-01,False,FA,DRILL.FISH
FA000429,4-3/4” NMDC SCHOLLER BLECKMANN P530 N3705 4 ¾” OD x 2-11/16” ID x 30.20”,4-3/4” NMDC SCHOLLER BLECKMANN P530 N3705 4 ¾” OD X 2-11/16” ID X 30.20”,,01 TANG,NMDC,,,,,V00470, ,,0001-01-01,OWS DC 1271,2026-06-22,False,,False,0001-01-01,False,FA,DRILL.FISH
FA000430,4-3/4” NMDC SCHOLLER BLECKMANN P530 N3714 4 ¾” OD x 2-11/16” ID x 29.89”,4-3/4” NMDC SCHOLLER BLECKMANN P530 N3714 4 ¾” OD X 2-11/16” ID X 29.89”,,01 TANG,NMDC,,,,,V00470, ,,0001-01-01,OWS DC 1272,2026-06-22,False,,False,0001-01-01,False,FA,DRILL.FISH
FA000431,8 Office Table + 8 Chairs,8 OFFICE TABLE + 8 CHAIRS,,01 TANG,FURNOFF,OFS,,,,V01600, ,,0001-01-01,,2026-06-24,False,,False,0001-01-01,False,FA,FURNITURE
